timestamp,actual,predicted,lower_95,upper_95
2016-02-01 00:00:00,19.0,19.0,19.0,19.0
2016-02-01 00:15:00,32.0,32.0,32.0,32.0
2016-02-01 00:30:00,24.0,24.0,24.0,24.0
2016-02-01 00:45:00,15.0,15.000000000000002,15.000000000000002,15.000000000000002
2016-02-01 01:00:00,15.0,15.000000000000002,15.000000000000002,15.000000000000002
2016-02-01 01:15:00,20.0,20.0,20.0,20.0
2016-02-01 01:30:00,20.0,20.0,20.0,20.0
2016-02-01 01:45:00,17.0,17.0,17.0,17.0
2016-02-01 02:00:00,12.0,12.0,12.0,12.0
2016-02-01 02:15:00,16.0,16.0,16.0,16.0
2016-02-01 02:30:00,14.0,14.0,14.0,14.0
2016-02-01 02:45:00,15.0,15.000000000000002,15.000000000000002,15.000000000000002
2016-02-01 03:00:00,18.0,18.0,18.0,18.0
2016-02-01 03:15:00,20.0,20.0,20.0,20.0
2016-02-01 03:30:00,17.0,17.0,17.0,17.0
2016-02-01 03:45:00,16.0,16.0,16.0,16.0
2016-02-01 04:00:00,16.0,16.0,16.0,16.0
2016-02-01 04:15:00,15.0,15.000000000000002,15.000000000000002,15.000000000000002
2016-02-01 04:30:00,17.0,17.0,17.0,17.0
2016-02-01 04:45:00,14.0,14.0,14.0,14.0
2016-02-01 05:00:00,15.0,15.000000000000002,15.000000000000002,15.000000000000002
2016-02-08 00:00:00,19.0,19.0,19.0,19.0
2016-02-08 00:15:00,32.0,31.999999999999996,31.999999999999996,31.999999999999996
2016-02-08 00:30:00,24.0,24.0,24.0,24.0
2016-02-08 00:45:00,15.0,15.0,15.0,15.0
2016-02-08 01:00:00,15.0,15.0,15.0,15.0
2016-02-08 01:15:00,20.0,20.0,20.0,20.0
2016-02-08 01:30:00,20.0,20.0,20.0,20.0
2016-02-08 01:45:00,17.0,17.0,17.0,17.0
2016-02-08 02:00:00,12.0,12.0,12.0,12.0
2016-02-08 02:15:00,16.0,16.0,16.0,16.0
2016-02-08 02:30:00,14.0,13.999999999999998,13.999999999999998,13.999999999999998
2016-02-08 02:45:00,15.0,15.0,15.0,15.0
2016-02-08 03:00:00,18.0,18.0,18.0,18.0
2016-02-08 03:15:00,20.0,20.0,20.0,20.0
2016-02-08 03:30:00,17.0,17.0,17.0,17.0
2016-02-08 03:45:00,16.0,16.0,16.0,16.0
2016-02-08 04:00:00,16.0,16.0,16.0,16.0
2016-02-08 04:15:00,15.0,15.0,15.0,15.0
2016-02-08 04:30:00,17.0,17.0,17.0,17.0
2016-02-08 04:45:00,14.0,13.999999999999998,13.999999999999998,13.999999999999998
2016-02-08 05:00:00,15.0,15.0,15.0,15.0
2016-02-08 05:15:00,17.0,17.0,17.0,17.0
2016-02-08 05:30:00,16.0,16.0,16.0,16.0
2016-02-08 05:45:00,30.0,30.0,30.0,30.0
2016-02-15 00:00:00,19.0,19.0,19.0,19.0
2016-02-15 00:15:00,32.0,31.999999999999996,31.999999999999996,31.999999999999996
2016-02-15 00:30:00,24.0,24.0,24.0,24.0
2016-02-15 00:45:00,15.0,15.0,15.0,15.0
2016-02-15 01:00:00,15.0,15.0,15.0,15.0
2016-02-15 01:15:00,20.0,20.0,20.0,20.0
2016-02-15 01:30:00,20.0,20.0,20.0,20.0
2016-02-15 01:45:00,17.0,17.0,17.0,17.0
2016-02-15 02:00:00,12.0,12.000000000000004,12.0,12.0
2016-02-15 02:15:00,16.0,16.0,16.0,16.0
2016-02-15 02:30:00,14.0,13.999999999999998,13.999999999999998,13.999999999999998
2016-02-15 02:45:00,15.0,15.0,15.0,15.0
2016-02-15 03:00:00,18.0,18.0,18.0,18.0
2016-02-15 03:15:00,20.0,20.0,20.0,20.0
2016-02-15 03:30:00,17.0,17.0,17.0,17.0
2016-02-15 03:45:00,16.0,16.0,16.0,16.0
2016-02-15 04:00:00,16.0,16.0,16.0,16.0
2016-02-15 04:15:00,15.0,15.0,15.0,15.0
2016-02-15 04:30:00,17.0,17.0,17.0,17.0
2016-02-15 04:45:00,14.0,13.999999999999998,13.999999999999998,13.999999999999998
2016-02-15 05:00:00,15.0,15.0,15.0,15.0
2016-02-15 05:15:00,17.0,17.0,17.0,17.0
2016-02-15 05:30:00,16.0,16.0,16.0,16.0
2016-02-15 05:45:00,30.0,30.0,30.0,30.0
2016-02-22 00:00:00,19.0,19.0,19.0,19.0
2016-02-22 00:15:00,32.0,32.0,32.0,32.0
2016-02-22 00:30:00,24.0,24.0,24.0,24.0
2016-02-22 00:45:00,15.0,15.0,15.0,15.0
2016-02-22 01:00:00,15.0,15.0,15.0,15.0
2016-02-22 01:15:00,20.0,20.0,20.0,20.0
2016-02-22 01:30:00,20.0,20.0,20.0,20.0
2016-02-22 01:45:00,17.0,17.0,17.0,17.0
2016-02-22 02:00:00,12.0,12.0,12.0,12.0
2016-02-22 02:15:00,16.0,16.0,16.0,16.0
2016-02-22 02:30:00,14.0,14.0,14.0,14.0
2016-02-22 02:45:00,15.0,15.0,15.0,15.0
2016-02-22 03:00:00,18.0,18.0,18.0,18.0
2016-02-22 03:15:00,20.0,20.0,20.0,20.0
2016-02-22 03:30:00,17.0,17.0,17.0,17.0
2016-02-22 03:45:00,16.0,16.0,16.0,16.0
2016-02-22 04:00:00,16.0,16.0,16.0,16.0
2016-02-22 04:15:00,15.0,15.0,15.0,15.0
2016-02-22 04:30:00,17.0,17.0,17.0,17.0
2016-02-22 04:45:00,14.0,14.0,14.0,14.0
2016-02-22 05:00:00,15.0,15.0,15.0,15.0
2016-02-22 05:15:00,17.0,17.0,17.0,17.0
2016-02-22 05:30:00,16.0,16.0,16.0,16.0
2016-02-22 05:45:00,30.0,30.0,30.0,30.0
2016-02-29 00:00:00,19.0,19.0,19.0,19.0
2016-02-29 00:15:00,32.0,32.0,32.0,32.0
2016-02-29 00:30:00,24.0,24.0,24.0,24.0
2016-02-29 00:45:00,15.0,15.0,15.0,15.0
2016-02-29 01:00:00,15.0,15.0,15.0,15.0
2016-02-29 01:15:00,20.0,20.0,20.0,20.0
2016-02-29 01:30:00,20.0,20.0,20.0,20.0
2016-02-29 01:45:00,17.0,17.0,17.0,17.0
2016-02-29 02:00:00,12.0,12.0,12.0,12.0
2016-02-29 02:15:00,16.0,16.0,16.0,16.0
2016-02-29 02:30:00,14.0,14.0,14.0,14.0
2016-02-29 02:45:00,15.0,15.0,15.0,15.0
2016-02-29 03:00:00,18.0,18.0,18.0,18.0
2016-02-29 03:15:00,20.0,20.0,20.0,20.0
2016-02-29 03:30:00,17.0,17.0,17.0,17.0
2016-02-29 03:45:00,16.0,16.0,16.0,16.0
2016-02-29 04:00:00,16.0,16.0,16.0,16.0
2016-02-29 04:15:00,15.0,15.0,15.0,15.0
2016-02-29 04:30:00,17.0,17.0,17.0,17.0
2016-02-29 04:45:00,14.0,14.0,14.0,14.0
2016-02-29 05:00:00,15.0,15.0,15.0,15.0
2016-02-29 05:15:00,17.0,17.0,17.0,17.0
2016-02-29 05:30:00,16.0,16.0,16.0,16.0
2016-02-29 05:45:00,30.0,30.0,30.0,30.0
2016-03-07 00:00:00,19.0,19.0,19.0,19.0
2016-03-07 00:15:00,32.0,32.0,32.0,32.0
2016-03-07 00:30:00,24.0,24.0,24.0,24.0
2016-03-07 00:45:00,15.0,15.0,15.0,15.0
2016-03-07 01:00:00,15.0,15.0,15.0,15.0
2016-03-07 01:15:00,20.0,20.0,20.0,20.0
2016-03-07 01:30:00,20.0,20.0,20.0,20.0
2016-03-07 01:45:00,17.0,17.0,17.0,17.0
2016-03-07 02:00:00,12.0,12.0,12.0,12.0
2016-03-07 02:15:00,16.0,16.0,16.0,16.0
2016-03-07 02:30:00,14.0,14.000000000000002,14.000000000000002,14.000000000000002
2016-03-07 02:45:00,15.0,15.0,15.0,15.0
2016-03-07 03:00:00,18.0,18.0,18.0,18.0
2016-03-07 03:15:00,20.0,20.0,20.0,20.0
2016-03-07 03:30:00,17.0,17.0,17.0,17.0
2016-03-07 03:45:00,16.0,16.0,16.0,16.0
2016-03-07 04:00:00,16.0,16.0,16.0,16.0
2016-03-07 04:15:00,15.0,15.0,15.0,15.0
2016-03-07 04:30:00,17.0,17.0,17.0,17.0
2016-03-07 04:45:00,14.0,14.000000000000002,14.000000000000002,14.000000000000002
2016-03-07 05:00:00,15.0,15.0,15.0,15.0
2016-03-07 05:15:00,17.0,17.0,17.0,17.0
2016-03-07 05:30:00,16.0,16.0,16.0,16.0
2016-03-07 05:45:00,30.0,30.0,30.0,30.0
2016-03-14 00:00:00,19.0,18.999999999999996,18.999999999999996,18.999999999999996
2016-03-14 00:15:00,32.0,31.999999999999993,31.999999999999993,31.999999999999993
2016-03-14 00:30:00,24.0,24.000000000000004,24.000000000000004,24.000000000000004
2016-03-14 00:45:00,15.0,15.0,15.0,15.0
2016-03-14 01:00:00,15.0,15.0,15.0,15.0
2016-03-14 01:15:00,20.0,19.999999999999993,19.999999999999993,19.999999999999993
2016-03-14 01:30:00,20.0,19.999999999999996,19.999999999999996,19.999999999999996
2016-03-14 01:45:00,17.0,17.000000000000004,17.000000000000004,17.000000000000004
2016-03-14 02:00:00,12.0,11.999999999999996,11.999999999999996,11.999999999999996
2016-03-14 02:15:00,16.0,15.999999999999996,15.999999999999996,15.999999999999996
2016-03-14 02:30:00,14.0,14.000000000000004,14.000000000000004,14.000000000000004
2016-03-14 02:45:00,15.0,15.0,15.0,15.0
2016-03-14 03:00:00,18.0,18.0,18.0,18.0
2016-03-14 03:15:00,20.0,19.999999999999996,19.999999999999996,19.999999999999996
2016-03-14 03:30:00,17.0,17.000000000000004,17.000000000000004,17.000000000000004
2016-03-14 03:45:00,16.0,16.000000000000007,16.000000000000007,16.000000000000007
2016-03-14 04:00:00,16.0,15.999999999999996,15.999999999999996,15.999999999999996
2016-03-14 04:15:00,15.0,15.0,15.0,15.0
2016-03-14 04:30:00,17.0,16.999999999999993,16.999999999999993,16.999999999999993
2016-03-14 04:45:00,14.0,14.000000000000004,14.000000000000004,14.000000000000004
2016-03-14 05:00:00,15.0,15.000000000000004,15.000000000000004,15.000000000000004
2016-03-14 05:15:00,17.0,17.000000000000004,17.000000000000004,17.000000000000004
2016-03-14 05:30:00,16.0,16.000000000000007,16.000000000000007,16.000000000000007
2016-03-14 05:45:00,30.0,30.000000000000007,30.000000000000007,30.000000000000007
2016-03-21 00:00:00,19.0,19.0,19.0,19.0
2016-03-21 00:15:00,32.0,32.00000000000001,32.00000000000001,32.00000000000001
2016-03-21 00:30:00,24.0,24.000000000000004,24.000000000000004,24.000000000000004
2016-03-21 00:45:00,15.0,15.000000000000002,15.000000000000002,15.000000000000002
2016-03-21 01:00:00,15.0,15.000000000000002,15.000000000000002,15.000000000000002
2016-03-21 01:15:00,20.0,20.0,20.0,20.0
2016-03-21 01:30:00,20.0,20.000000000000004,20.000000000000004,20.000000000000004
2016-03-21 01:45:00,17.0,17.0,17.0,17.0
2016-03-21 02:00:00,12.0,12.0,12.0,12.0
2016-03-21 02:15:00,16.0,16.0,16.0,16.0
2016-03-21 02:30:00,14.0,14.0,14.0,14.0
2016-03-21 02:45:00,15.0,15.000000000000004,15.000000000000004,15.000000000000004
2016-03-21 03:00:00,18.0,18.0,18.0,18.0
2016-03-21 03:15:00,20.0,20.0,20.0,20.0
2016-03-21 03:30:00,17.0,17.0,17.0,17.0
2016-03-21 03:45:00,16.0,16.000000000000004,16.000000000000004,16.000000000000004
2016-03-21 04:00:00,16.0,16.000000000000004,16.000000000000004,16.000000000000004
2016-03-21 04:15:00,15.0,15.000000000000002,15.000000000000002,15.000000000000002
2016-03-21 04:30:00,17.0,17.0,17.0,17.0
2016-03-21 04:45:00,14.0,14.0,14.0,14.0
2016-03-21 05:00:00,15.0,15.000000000000004,15.000000000000004,15.000000000000004
2016-03-21 05:15:00,17.0,17.0,17.0,17.0
2016-03-21 05:30:00,16.0,16.0,16.0,16.0
2016-03-21 05:45:00,30.0,30.000000000000004,30.000000000000004,30.000000000000004
2016-03-28 00:00:00,19.0,19.0,19.0,19.0
2016-03-28 00:15:00,32.0,32.0,32.0,32.0
2016-03-28 00:30:00,24.0,24.0,24.0,24.0
2016-03-28 00:45:00,15.0,15.0,15.0,15.0
2016-03-28 01:00:00,15.0,15.0,15.0,15.0
2016-03-28 01:15:00,20.0,20.0,20.0,20.0
2016-03-28 01:30:00,20.0,20.0,20.0,20.0
2016-03-28 01:45:00,17.0,17.0,17.0,17.0
2016-03-28 02:00:00,12.0,12.0,12.0,12.0
2016-03-28 02:15:00,16.0,16.0,16.0,16.0
2016-03-28 02:30:00,14.0,14.0,14.0,14.0
2016-03-28 02:45:00,15.0,15.0,15.0,15.0
2016-03-28 03:00:00,18.0,18.0,18.0,18.0
2016-03-28 03:15:00,20.0,20.0,20.0,20.0
2016-03-28 03:30:00,17.0,17.0,17.0,17.0
2016-03-28 03:45:00,16.0,16.0,16.0,16.0
2016-03-28 04:00:00,16.0,16.0,16.0,16.0
2016-03-28 04:15:00,15.0,15.0,15.0,15.0
2016-03-28 04:30:00,17.0,17.0,17.0,17.0
2016-03-28 04:45:00,14.0,14.0,14.0,14.0
2016-03-28 05:00:00,15.0,15.0,15.0,15.0
2016-03-28 05:15:00,17.0,17.0,17.0,17.0
2016-03-28 05:30:00,16.0,16.0,16.0,16.0
2016-03-28 05:45:00,30.07200000000012,30.0,30.0,30.0
2016-04-04 00:00:00,19.0,19.666666666666664,17.45912535881361,23.602195372192956
2016-04-04 00:15:00,32.0,28.666666666666668,23.401748045485018,30.452745471629537
2016-04-04 00:30:00,24.0,22.333333333333332,22.079568251118285,28.497431424293918
2016-04-04 00:45:00,15.0,20.33333333333333,14.108416973633728,20.666666666666668
2016-04-04 01:00:00,15.0,19.333333333333332,12.858456828072951,20.87339211997524
2016-04-04 01:15:00,20.0,18.666666666666668,17.62132352852987,23.22879972288713
2016-04-04 01:30:00,20.0,19.0,18.444539880077134,23.26103417602099
2016-04-04 01:45:00,17.0,18.0,14.588897117954168,21.333333333333332
2016-04-04 02:00:00,12.0,16.0,11.140789087492516,17.414193723456368
2016-04-04 02:15:00,16.0,16.666666666666668,14.697076972058374,20.05125535149295
2016-04-04 02:30:00,14.0,16.0,13.826015587857578,19.14551890230045
2016-04-04 02:45:00,15.0,15.0,13.466083328919607,20.646385372837603
2016-04-04 03:00:00,18.0,17.666666666666668,15.505631461700338,25.666666666666657
2016-04-04 03:15:00,20.0,19.333333333333332,19.027551463116072,24.01033828511467
2016-04-04 03:30:00,17.0,17.333333333333332,16.746967847523493,20.50601415729314
2016-04-04 03:45:00,16.0,16.666666666666668,13.151810543342506,22.120198197750806
2016-04-04 04:00:00,16.0,17.666666666666664,15.60677281935955,22.195770972522052
2016-04-04 04:15:00,15.0,17.333333333333332,15.738755594572561,21.780778984691977
2016-04-04 04:30:00,17.0,19.333333333333332,15.697156348037817,24.909842642254386
2016-04-04 04:45:00,14.0,15.666666666666666,14.0,23.335710690057383
2016-04-04 05:00:00,15.0,16.666666666666668,14.732512332401862,23.57907701151918
2016-04-04 05:15:00,17.0,17.333333333333332,15.454690048689216,23.056268646805748
2016-04-04 05:30:00,16.072000000000116,18.33333333333334,11.456273026305402,24.849552703767642
2016-04-04 05:45:00,30.15999999999985,28.02400000000004,20.35248233318131,32.68495809835455
2016-04-11 00:00:00,19.0,19.0,19.0,19.0
2016-04-11 00:15:00,32.0,30.81159420289855,28.613043478260874,32.0
2016-04-11 00:30:00,24.0,24.0,24.0,24.0
2016-04-11 00:45:00,15.0,15.0,15.0,15.0
2016-04-11 01:00:00,15.0,15.0,15.0,15.0
2016-04-11 01:15:00,20.0,20.0,20.0,20.0
2016-04-11 01:30:00,20.0,20.0,20.0,20.0
2016-04-11 01:45:00,17.0,17.0,17.0,17.0
2016-04-11 02:00:00,12.0,12.0,12.0,12.0
2016-04-11 02:15:00,16.0,16.0,16.0,16.0
2016-04-11 02:30:00,14.0,14.0,14.0,14.0
2016-04-11 02:45:00,15.0,15.0,15.0,15.0
2016-04-11 03:00:00,18.0,18.0,18.0,18.0
2016-04-11 03:15:00,20.0,20.0,20.0,20.0
2016-04-11 03:30:00,17.0,17.0,17.0,17.0
2016-04-11 03:45:00,16.0,16.0,16.0,16.0
2016-04-11 04:00:00,16.0,16.0,16.0,16.0
2016-04-11 04:15:00,15.0,15.0,15.0,15.0
2016-04-11 04:30:00,17.0,17.0,17.0,17.0
2016-04-11 04:45:00,14.0,14.0,14.0,14.0
2016-04-11 05:00:00,15.136000000000422,15.0,15.0,15.0
2016-04-11 05:15:00,17.184000000000196,17.0,17.0,17.0
2016-04-11 05:30:00,16.295999999999367,16.0,16.0,16.0
2016-04-11 05:45:00,30.400000000000546,30.008000000000013,30.0,30.022800000000036
2016-04-18 00:00:00,19.0,19.0,18.353745454547408,19.0
2016-04-18 00:15:00,32.0,32.0,31.09212121212126,32.0
2016-04-18 00:30:00,24.0,24.0,24.0,24.0
2016-04-18 00:45:00,15.0,15.0,15.0,15.970800000001981
2016-04-18 01:00:00,15.0,15.0,15.0,15.333333333333334
2016-04-18 01:15:00,20.0,20.0,20.0,20.0
2016-04-18 01:30:00,20.0,20.0,20.0,20.65719191919197
2016-04-18 01:45:00,17.0,17.0,16.333333333333332,17.0
2016-04-18 02:00:00,12.0,12.0,12.0,13.843880808087379
2016-04-18 02:15:00,16.0,16.0,16.0,16.0
2016-04-18 02:30:00,14.0,14.0,14.0,14.921594612789475
2016-04-18 02:45:00,15.0,15.0,15.0,16.666666666666668
2016-04-18 03:00:00,18.0,18.0,16.740750841751332,18.0
2016-04-18 03:15:00,20.0,20.0,20.0,20.0
2016-04-18 03:30:00,17.0,17.0,17.0,17.590666666666642
2016-04-18 03:45:00,16.0,16.0,16.0,16.666666666666668
2016-04-18 04:00:00,16.0,16.0,16.0,16.0
2016-04-18 04:15:00,15.0,15.0,15.0,15.970800000001981
2016-04-18 04:30:00,17.0,17.0,17.0,18.666666666666668
2016-04-18 04:45:00,14.0,14.0,14.0,15.365333333333304
2016-04-18 05:00:00,15.0,15.0,15.0,16.52223104712024
2016-04-18 05:15:00,17.0,17.0,17.0,17.07628568529783
2016-04-18 05:30:00,16.072000000000116,16.0,16.0,16.16451604108088
2016-04-18 05:45:00,30.247999999999596,30.073333333333423,26.643529966329993,30.3070922749184
2016-04-25 00:00:00,19.0,19.000000000000004,19.000000000000004,20.101821232193007
2016-04-25 00:15:00,32.0,32.00000000000001,30.458707240573915,32.00000000000001
2016-04-25 00:30:00,24.0,24.000000000000004,23.999999998840668,24.000000000000004
2016-04-25 00:45:00,15.0,15.0,15.0,15.371585418751764
2016-04-25 01:00:00,15.0,15.0,15.0,15.333333333333334
2016-04-25 01:15:00,20.0,20.0,19.333333333333332,20.0
2016-04-25 01:30:00,20.0,20.0,19.333333333333332,20.0
2016-04-25 01:45:00,17.0,17.0,17.0,17.333333333333332
2016-04-25 02:00:00,12.0,12.0,12.0,12.499688221554896
2016-04-25 02:15:00,16.0,16.000000000000004,15.66666666666667,16.000000000000004
2016-04-25 02:30:00,14.0,14.0,14.0,14.500898498498684
2016-04-25 02:45:00,15.0,15.0,15.0,15.030095495495592
2016-04-25 03:00:00,18.0,18.0,18.0,18.0
2016-04-25 03:15:00,20.0,20.0,19.440945562146467,20.0
2016-04-25 03:30:00,17.0,17.0,17.0,17.46258586359002
2016-04-25 03:45:00,16.0,16.000000000000004,15.999999979624363,16.000000000000004
2016-04-25 04:00:00,16.0,16.000000000000004,15.999999955736703,16.000000000000004
2016-04-25 04:15:00,15.0,15.0,15.0,15.0
2016-04-25 04:30:00,17.0,17.0,16.0872628962258,17.0
2016-04-25 04:45:00,14.159999999999854,14.0,14.0,14.0
2016-04-25 05:00:00,15.367999999998574,15.0,15.0,15.055643318117902
2016-04-25 05:15:00,17.640000000001237,17.0,17.0,17.07608888888848
2016-04-25 05:30:00,16.75199999999859,16.087666666666717,16.037797611980732,16.7548990901734
2016-04-25 05:45:00,30.960000000000942,30.194666666666535,28.64202144163946,30.30327555818209
2016-05-02 00:00:00,19.0,19.0,19.0,19.0
2016-05-02 00:15:00,32.0,32.0,32.0,32.0
2016-05-02 00:30:00,24.0,24.0,24.0,24.0
2016-05-02 00:45:00,15.0,15.0,15.0,15.0
2016-05-02 01:00:00,15.0,15.0,15.0,15.0
2016-05-02 01:15:00,20.0,20.0,20.0,20.0
2016-05-02 01:30:00,20.0,20.0,20.0,20.0
2016-05-02 01:45:00,17.0,17.0,17.0,17.0
2016-05-02 02:00:00,12.0,12.0,12.0,12.0
2016-05-02 02:15:00,16.0,16.0,16.0,16.0
2016-05-02 02:30:00,14.0,14.0,14.0,14.0
2016-05-02 02:45:00,15.0,15.0,15.0,15.0
2016-05-02 03:00:00,18.0,18.0,18.0,18.0
2016-05-02 03:15:00,20.0,20.0,20.0,20.0
2016-05-02 03:30:00,17.0,17.0,17.0,17.0
2016-05-02 03:45:00,16.0,16.0,16.0,16.0
2016-05-02 04:00:00,16.0,16.0,16.0,16.0
2016-05-02 04:15:00,15.0,15.0,15.0,15.0
2016-05-02 04:30:00,17.0,17.0,17.0,17.0
2016-05-02 04:45:00,14.159999999999854,14.0,14.0,14.0
2016-05-02 05:00:00,15.360000000000582,15.0,15.0,15.0
2016-05-02 05:15:00,17.639999999999418,17.0,17.0,17.0
2016-05-02 05:30:00,16.76000000000022,16.072000000000116,16.072000000000116,16.072000000000116
2016-05-02 05:45:00,30.959999999999127,30.247999999999596,30.247999999999596,30.247999999999596
2016-05-09 00:00:00,19.0,19.0,19.0,19.0
2016-05-09 00:15:00,32.0,32.0,32.0,32.0
2016-05-09 00:30:00,24.0,24.0,24.0,24.0
2016-05-09 00:45:00,15.0,15.0,15.0,15.0
2016-05-09 01:00:00,15.0,15.0,15.0,15.0
2016-05-09 01:15:00,20.0,20.0,20.0,20.0
2016-05-09 01:30:00,20.0,20.0,20.0,20.0
2016-05-09 01:45:00,17.0,17.0,17.0,17.0
2016-05-09 02:00:00,12.0,12.0,12.0,12.0
2016-05-09 02:15:00,16.0,16.0,16.0,16.0
2016-05-09 02:30:00,14.0,13.999999999999998,13.999999999999998,14.0
2016-05-09 02:45:00,15.0,15.0,15.0,15.0
2016-05-09 03:00:00,18.0,18.0,18.0,18.0
2016-05-09 03:15:00,20.0,20.0,20.0,20.0
2016-05-09 03:30:00,17.0,17.0,17.0,17.0
2016-05-09 03:45:00,16.0,16.0,16.0,16.0
2016-05-09 04:00:00,16.0,16.0,16.0,16.0
2016-05-09 04:15:00,15.0,15.0,15.0,15.0
2016-05-09 04:30:00,17.0,17.0,17.0,17.0
2016-05-09 04:45:00,14.0,14.11999999999989,14.007999999999992,14.159999999999854
2016-05-09 05:00:00,15.0,15.271999999999935,15.018000000000029,15.367599999998674
2016-05-09 05:15:00,17.0,17.480000000000018,17.03199999999997,17.640000000001145
2016-05-09 05:30:00,16.0,16.583999999999378,16.10600000000004,16.759600000000134
2016-05-09 05:45:00,30.0,30.781999999999698,30.283599999999577,30.960000000000854
2016-05-16 00:00:00,19.0,19.0,17.944502065080414,19.0
2016-05-16 00:15:00,32.0,32.0,27.733790236427115,32.0
2016-05-16 00:30:00,24.0,24.0,24.0,25.406278274107304
2016-05-16 00:45:00,15.0,15.0,13.949805370433529,15.0
2016-05-16 01:00:00,15.0,15.0,13.083075188448433,15.0
2016-05-16 01:15:00,20.0,20.0,19.302346779100507,20.0
2016-05-16 01:30:00,20.0,20.0,20.0,21.09687299552463
2016-05-16 01:45:00,17.0,17.0,15.573805728026448,17.0
2016-05-16 02:00:00,12.0,12.0,10.38247546479982,12.0
2016-05-16 02:15:00,16.0,16.0,15.07112944465618,16.0
2016-05-16 02:30:00,14.0,14.0,12.74759957432135,14.0
2016-05-16 02:45:00,15.0,15.0,13.29730373364314,15.0
2016-05-16 03:00:00,18.0,18.0,15.703157724363928,18.0
2016-05-16 03:15:00,20.0,20.0,19.32799427347426,20.0
2016-05-16 03:30:00,17.0,17.0,16.517901366696318,17.0
2016-05-16 03:45:00,16.0,16.0,13.216878918597779,16.0
2016-05-16 04:00:00,16.0,16.0,15.559858143860362,16.0
2016-05-16 04:15:00,15.159999999999854,15.0,13.630896704170532,15.0
2016-05-16 04:30:00,17.22400000000016,17.0,14.506913751110813,17.0
2016-05-16 04:45:00,14.175999999999476,14.12444444444433,14.005333333333327,14.234833366682713
2016-05-16 05:00:00,15.159999999999854,15.161777777777592,14.729152699587233,15.367466629022127
2016-05-16 05:15:00,17.304000000000087,17.284444444444592,16.12381827174144,17.640000000001113
2016-05-16 05:30:00,16.479999999999563,16.359999999999776,12.8043710730703,16.75946665417294
2016-05-16 05:45:00,30.855999999999767,30.509333333333217,25.362383898177573,30.96000000000082
2016-05-23 00:00:00,19.0,19.0,18.999999999999996,19.0
2016-05-23 00:15:00,32.0,32.0,31.999999999999986,32.0
2016-05-23 00:30:00,24.0,24.0,24.0,24.0
2016-05-23 00:45:00,15.0,15.0,14.999999999999998,15.0
2016-05-23 01:00:00,15.0,15.0,14.999999999999998,15.0
2016-05-23 01:15:00,20.0,20.0,19.999999999999996,20.0
2016-05-23 01:30:00,20.0,20.0,19.999999999999996,20.0
2016-05-23 01:45:00,17.0,17.0,17.0,17.0
2016-05-23 02:00:00,12.0,12.0,12.0,12.0
2016-05-23 02:15:00,16.0,16.0,15.999999999999998,16.0
2016-05-23 02:30:00,14.0,14.0,13.999999999999998,14.0
2016-05-23 02:45:00,15.0,15.0,15.0,15.0
2016-05-23 03:00:00,18.0,18.0,17.999999999999996,18.0
2016-05-23 03:15:00,20.0,20.0,19.999999999999996,20.0
2016-05-23 03:30:00,17.0,17.0,17.0,17.0
2016-05-23 03:45:00,16.0,16.0,16.0,16.0
2016-05-23 04:00:00,16.0,16.0,15.999999999999998,16.0
2016-05-23 04:15:00,15.0,15.053144819505807,14.999999999999998,15.151972778487384
2016-05-23 04:30:00,17.0,17.074341098730823,17.0,17.212792703630182
2016-05-23 04:45:00,14.0,14.159999999999854,14.00795689134596,14.175199758526414
2016-05-23 05:00:00,15.0,15.159999999999856,15.00795974550546,15.3499611670682
2016-05-23 05:15:00,17.0,17.30400000000009,17.01507237061617,17.623200650941882
2016-05-23 05:30:00,16.0,16.479999999999563,16.023664524860923,16.74597257971088
2016-05-23 05:45:00,30.0,30.855999999999767,30.042230454522365,30.954819402667248
2016-05-30 00:00:00,19.0,19.0,16.973199999994723,19.0
2016-05-30 00:15:00,32.0,32.0,20.361199999974815,32.0
2016-05-30 00:30:00,24.0,24.000000000000004,24.0,24.049432770115473
2016-05-30 00:45:00,15.0,15.0,15.0,15.0
2016-05-30 01:00:00,15.0,15.0,14.34480000000567,15.0
2016-05-30 01:15:00,20.0,20.0,17.90826754462612,20.0
2016-05-30 01:30:00,20.0,20.0,20.0,20.0
2016-05-30 01:45:00,17.0,17.0,12.831220208426977,17.0
2016-05-30 02:00:00,12.0,12.0,11.571599999978208,12.0
2016-05-30 02:15:00,16.0,16.0,13.243454722012538,16.0
2016-05-30 02:30:00,14.0,13.999999999999998,13.571599999978208,13.999999999999998
2016-05-30 02:45:00,15.0,15.0,13.628400000021793,15.0
2016-05-30 03:00:00,18.0,18.0,17.984508944437938,18.0
2016-05-30 03:15:00,20.0,20.0,19.944047642998683,20.0
2016-05-30 03:30:00,17.0,17.0,15.582436098056142,17.0
2016-05-30 03:45:00,16.0,16.0,13.201447068196755,16.0
2016-05-30 04:00:00,16.0,16.0,15.578800000005867,16.0
2016-05-30 04:15:00,15.0,15.0,14.9524210498582,15.143948368984626
2016-05-30 04:30:00,17.0,17.0,11.135599999997066,17.201586033031315
2016-05-30 04:45:00,14.0,14.0,13.807642754061664,14.167199999999502
2016-05-30 05:00:00,15.0,15.0,14.453669473275992,15.278519707849226
2016-05-30 05:15:00,17.0,17.0,14.378675142511264,17.495922007050748
2016-05-30 05:30:00,16.0,16.0,11.950000000000001,16.588063595402947
2016-05-30 05:45:00,30.0,30.0,16.012832866879002,30.81319999999977
2016-06-06 00:00:00,19.0,19.0,18.999999999999996,19.0
2016-06-06 00:15:00,32.0,32.0,32.0,32.0
2016-06-06 00:30:00,24.0,24.0,24.0,24.0
2016-06-06 00:45:00,15.0,15.0,15.0,15.0
2016-06-06 01:00:00,15.0,15.0,15.0,15.0
2016-06-06 01:15:00,20.0,20.0,20.0,20.0
2016-06-06 01:30:00,20.0,20.0,20.0,20.0
2016-06-06 01:45:00,17.0,17.0,17.0,17.0
2016-06-06 02:00:00,12.0,12.0,12.0,12.0
2016-06-06 02:15:00,16.0,16.0,16.0,16.0
2016-06-06 02:30:00,14.0,14.0,14.0,14.0
2016-06-06 02:45:00,15.0,15.0,15.0,15.0
2016-06-06 03:00:00,18.0,18.0,18.0,18.0
2016-06-06 03:15:00,20.0,20.0,20.0,20.0
2016-06-06 03:30:00,17.0,17.0,17.0,17.0
2016-06-06 03:45:00,16.0,16.0,16.0,16.0
2016-06-06 04:00:00,16.0,16.0,16.0,16.0
2016-06-06 04:15:00,15.064000000002125,15.017777777777761,15.0,15.101333333333239
2016-06-06 04:30:00,17.159999999999854,17.024888888888906,17.0,17.141866666666772
2016-06-06 04:45:00,14.239999999997965,14.019555555555497,13.984799999999785,14.126666666666551
2016-06-06 05:00:00,15.536000000000058,15.017777777777761,14.979733333333236,15.121600000000006
2016-06-06 05:15:00,17.799999999999272,17.03377777777779,16.979733333333236,17.212800000000154
2016-06-06 05:30:00,16.960000000002765,16.053333333333285,15.979733333333234,16.32426666666649
2016-06-06 05:45:00,30.639999999999414,30.095111111111084,29.97973333333323,30.56239999999995
2016-06-13 00:00:00,19.0,19.0,19.0,19.0
2016-06-13 00:15:00,32.0,32.0,32.0,32.0
2016-06-13 00:30:00,24.0,24.000000000000004,24.0,24.000000000000004
2016-06-13 00:45:00,15.0,15.0,15.0,15.0
2016-06-13 01:00:00,15.0,15.0,15.0,15.000000000000005
2016-06-13 01:15:00,20.0,20.0,19.999999999999993,20.0
2016-06-13 01:30:00,20.0,20.0,19.999999999999993,20.0
2016-06-13 01:45:00,17.0,17.0,17.0,17.0
2016-06-13 02:00:00,12.0,12.0,12.0,12.000000000000002
2016-06-13 02:15:00,16.0,16.0,16.0,16.0
2016-06-13 02:30:00,14.0,13.999999999999998,13.999999999999998,14.000000000000002
2016-06-13 02:45:00,15.0,15.0,15.0,15.000000000000005
2016-06-13 03:00:00,18.0,18.0,18.0,18.0
2016-06-13 03:15:00,20.0,20.0,19.999999999999993,20.0
2016-06-13 03:30:00,17.0,17.0,17.0,17.0
2016-06-13 03:45:00,16.0,16.0,16.0,16.0
2016-06-13 04:00:00,16.0,16.0,16.0,16.0
2016-06-13 04:15:00,15.0,15.021316960156737,15.0,15.155188371964208
2016-06-13 04:30:00,17.080000000001746,17.026656028102444,17.0,17.18639672004819
2016-06-13 04:45:00,14.023999999997612,14.07977878595675,13.999999999999998,14.227953155865391
2016-06-13 05:00:00,15.21600000000035,15.159999999999854,15.0,15.508985586579739
2016-06-13 05:15:00,17.360000000000582,17.266487632591716,17.0,17.760005280146196
2016-06-13 05:30:00,16.639999999999418,16.318200360700033,16.0,16.911683844210955
2016-06-13 05:45:00,30.639999999999414,30.12217766425934,29.999999999999993,30.72706709218447
2016-06-20 00:00:00,19.0,19.0,17.829999999999927,19.0
2016-06-20 00:15:00,32.0,32.0,31.039999999999964,32.0
2016-06-20 00:30:00,24.0,24.0,24.0,24.804000000000087
2016-06-20 00:45:00,15.0,15.0,14.21600000000035,15.0
2016-06-20 01:00:00,15.0,15.0,13.97500000000582,15.0
2016-06-20 01:15:00,20.0,20.0,18.99699999999757,20.0
2016-06-20 01:30:00,20.0,20.0,19.548000000001593,20.0
2016-06-20 01:45:00,17.0,17.0,15.534999999991669,17.0
2016-06-20 02:00:00,12.0,12.0,11.998000000006869,12.0
2016-06-20 02:15:00,16.0,16.0,15.099999999999454,16.0
2016-06-20 02:30:00,14.0,14.0,13.100000000000364,14.0
2016-06-20 02:45:00,15.0,15.0,14.210000000000036,15.0
2016-06-20 03:00:00,18.0,18.0,15.855000000000473,18.0
2016-06-20 03:15:00,20.0,20.0,18.65000000000009,20.0
2016-06-20 03:30:00,17.0,17.0,16.211000000008426,17.0
2016-06-20 03:45:00,16.080000000001746,16.0,15.21100000000024,16.0
2016-06-20 04:00:00,16.159999999999854,16.0,15.432999999998174,16.0
2016-06-20 04:15:00,15.263999999999214,15.0,13.985999999999876,15.0
2016-06-20 04:30:00,17.296000000002095,17.01665820003985,15.534999999999854,17.076749365004183
2016-06-20 04:45:00,14.423999999999069,14.005999999999402,13.435999999999694,14.0230999999977
2016-06-20 05:00:00,15.479999999999563,15.019390934285173,13.875,15.202654643168207
2016-06-20 05:15:00,17.495999999999185,17.046490255886972,15.875,17.337913851012782
2016-06-20 05:30:00,16.90400000000227,16.16878337398162,14.647000000006756,16.602361490376396
2016-06-20 05:45:00,31.855999999999767,30.115739249618294,26.406999999998334,30.61682669191339
2016-06-27 00:00:00,19.0,19.0,15.791135457791233,19.611663086901743
2016-06-27 00:15:00,32.0,31.999999999999996,24.20492183888356,31.999999999999996
2016-06-27 00:30:00,24.0,24.0,20.230744167807217,25.302649066523188
2016-06-27 00:45:00,15.0,15.0,11.451698331834336,19.59792285563534
2016-06-27 01:00:00,15.0,15.0,11.46253067284733,17.14998862481958
2016-06-27 01:15:00,20.0,20.0,15.408273611121844,20.0
2016-06-27 01:30:00,20.0,20.0,17.080917607770658,20.0
2016-06-27 01:45:00,17.0,17.0,13.92900593946255,17.08151692570372
2016-06-27 02:00:00,12.0,12.0,10.340355722366626,13.037769742824507
2016-06-27 02:15:00,16.0,16.0,13.14152594877161,16.0
2016-06-27 02:30:00,14.0,14.0,10.785031665167667,15.927209418407466
2016-06-27 02:45:00,15.0,15.0,11.46253067284733,18.527416586992135
2016-06-27 03:00:00,18.0,18.0,13.60072985082522,22.211638145580256
2016-06-27 03:15:00,20.0,20.0,15.004744293517797,24.249488707762254
2016-06-27 03:30:00,17.0,17.0,13.896994334474082,17.756657815316785
2016-06-27 03:45:00,16.0,16.0,13.199486912510645,16.498692496905633
2016-06-27 04:00:00,16.0,16.0,13.145123984146544,18.506258313287216
2016-06-27 04:15:00,15.0,15.0,11.840739049995415,20.667005049235573
2016-06-27 04:30:00,17.0,17.053333333334496,13.237575521383363,20.47478146732821
2016-06-27 04:45:00,14.0,14.015999999998408,10.942063184157758,18.243215111327473
2016-06-27 05:00:00,15.0,15.144000000000233,11.743410960184578,20.949372237892707
2016-06-27 05:15:00,17.0,17.24000000000039,13.402182488882303,21.529001178043746
2016-06-27 05:30:00,16.0,16.75999999999961,12.646647936590375,21.023227224016846
2016-06-27 05:45:00,30.0,30.759999999999607,22.00534305276889,31.29945974386126
2016-07-04 00:00:00,19.0,19.0,19.0,19.012644562405992
2016-07-04 00:15:00,32.0,32.000000101587226,27.790400101585263,32.000000101587226
2016-07-04 00:30:00,24.0,24.000000037359282,22.21200003735954,24.000000037359282
2016-07-04 00:45:00,15.0,15.000000180721349,14.752800057511708,15.000000057510777
2016-07-04 01:00:00,15.0,15.000000180721349,14.791200057510801,15.003044562404037
2016-07-04 01:15:00,20.0,20.0,18.048799999999755,20.0
2016-07-04 01:30:00,20.0,20.0,18.711199882033014,20.0
2016-07-04 01:45:00,17.0,17.0,15.763999888752204,17.0
2016-07-04 02:00:00,12.0,12.0,12.0,12.279044562404605
2016-07-04 02:15:00,16.0,16.0,15.531999973130944,16.0
2016-07-04 02:30:00,14.0,14.00000001867964,14.00000001867964,15.707044562404123
2016-07-04 02:45:00,15.0,15.000000180721349,15.000000057510777,17.247044562403904
2016-07-04 03:00:00,18.0,18.000000050793613,18.000000050793613,21.45904456240417
2016-07-04 03:15:00,20.0,20.0,19.999999882034736,22.23199999999961
2016-07-04 03:30:00,17.0,17.0,16.9999998887519,18.224000000000522
2016-07-04 03:45:00,16.080000000001746,16.031307631114498,16.0,16.676115942029554
2016-07-04 04:00:00,16.07999999999811,16.060293138360187,15.999999973131338,18.571431884057926
2016-07-04 04:15:00,15.184000000001106,15.118260869565267,15.001135260557437,19.717628756335756
2016-07-04 04:30:00,17.31999999999971,17.16278263855111,17.006468489697887,19.787026086957564
2016-07-04 04:45:00,14.319999999999707,14.20777139922811,14.002735277657155,19.18426064039211
2016-07-04 05:00:00,15.479999999999563,15.35211591596186,15.01627831648338,19.74721716213231
2016-07-04 05:15:00,17.736000000000786,17.419597486186134,17.02513515025475,22.433141859481694
2016-07-04 05:30:00,16.88000000000102,16.756061254303244,16.04823188405793,19.872817162134528
2016-07-04 05:45:00,31.07999999999811,31.01797400642595,30.04246837855121,31.57402898550693
2016-07-11 00:00:00,19.0,19.0,19.0,19.0
2016-07-11 00:15:00,32.0,32.0,32.0,32.0
2016-07-11 00:30:00,24.0,23.999999999999996,23.999999999999996,23.999999999999996
2016-07-11 00:45:00,15.0,15.0,15.0,15.0
2016-07-11 01:00:00,15.0,15.0,15.0,15.0
2016-07-11 01:15:00,20.0,20.0,20.0,20.0
2016-07-11 01:30:00,20.0,20.0,20.0,20.0
2016-07-11 01:45:00,17.0,17.0,17.0,17.0
2016-07-11 02:00:00,12.0,12.0,12.0,12.0
2016-07-11 02:15:00,16.0,16.0,16.0,16.0
2016-07-11 02:30:00,14.0,14.000000000000002,14.000000000000002,14.000000000000002
2016-07-11 02:45:00,15.0,15.0,15.0,15.0
2016-07-11 03:00:00,18.0,18.0,18.0,18.0
2016-07-11 03:15:00,20.0,20.0,20.0,20.0
2016-07-11 03:30:00,17.0,17.0,17.0,17.0
2016-07-11 03:45:00,16.0,16.0,16.003996315108594,16.080000000001746
2016-07-11 04:00:00,16.080000000001746,16.0,16.003996315108413,16.15599657846979
2016-07-11 04:15:00,15.159999999999854,15.0,15.009172687346725,15.259995188202925
2016-07-11 04:30:00,17.239999999997963,17.080000000001746,17.090793350579208,17.31879995512225
2016-07-11 04:45:00,14.264000000002852,14.023999999997612,14.038707609933294,14.418789467890347
2016-07-11 05:00:00,15.399999999997815,15.21600000000035,15.229149405255951,15.479999999999563
2016-07-11 05:15:00,17.56000000000131,17.360000000000582,17.366799293490107,17.724003619859623
2016-07-11 05:30:00,16.495999999999185,16.639999999999418,16.65198256685858,16.902799863287846
2016-07-11 05:45:00,30.72799999999916,30.63999999999941,30.662342290046354,31.81836220032163
2016-07-18 00:00:00,101.18799999996554,84.85080616615652,60.68549831961909,128.1618663171438
2016-07-18 00:15:00,67.22000000003027,84.66432860779679,59.20645664027219,129.26795287977126
2016-07-18 00:30:00,53.74800000002142,83.93878743574018,57.564496970018524,129.45883020591168
2016-07-18 00:45:00,36.53199999994831,83.55358875028203,56.534419406630946,129.718510398383
2016-07-18 01:00:00,80.56400000001304,83.63891661014236,56.143620731102665,130.27996479363193
2016-07-18 01:15:00,80.78000000002794,83.66317632805514,55.80967940218509,130.66242555837502
2016-07-18 01:30:00,47.77999999996973,82.56835278717371,54.44165539109037,129.8408024877069
2016-07-18 01:45:00,62.0,82.32722496554116,53.99026054483261,129.80994169069956
2016-07-18 02:00:00,51.5,82.44202386337984,53.9421789753119,130.08762105589767
2016-07-18 02:15:00,58.87599999998929,82.1394857964424,53.512873445917215,129.91185045141742
2016-07-18 02:30:00,42.68800000002375,81.8822039726211,53.156585418596734,129.75357483109534
2016-07-18 02:45:00,40.65600000001723,81.72875470307237,52.92560812176572,129.6776535888289
2016-07-18 03:00:00,43.21999999997206,81.47970467568912,52.61572716088054,129.48943449494763
2016-07-18 03:15:00,39.28000000002794,81.40605067015919,52.49426986743862,129.46358377732963
2016-07-18 03:30:00,42.21999999997206,81.14684826667117,52.19745715999223,129.2419916778
2016-07-18 03:45:00,28.0,80.64064721767413,51.661638065260924,128.76540867453718
2016-07-18 04:00:00,66.34399999998277,80.9746156337441,51.97226555511645,129.1227180168216
2016-07-18 04:15:00,63.924000000039086,80.77027431643438,51.74951974896743,128.93678118835118
2016-07-18 04:30:00,39.095999999986816,80.82510917027149,51.78983614136397,129.00613450362889
2016-07-18 04:45:00,59.50400000002992,80.98717919166636,51.94044925350585,129.17966143427674
2016-07-18 05:00:00,72.77199999994627,80.3772534247051,51.321480075201144,128.57877907865893
2016-07-18 05:15:00,69.1960000000472,80.14238849836794,51.079475285544184,128.3510540156415
2016-07-18 05:30:00,54.02399999995396,80.46892267483123,51.40037152008811,128.68322613402424
2016-07-18 05:45:00,72.79200000003402,80.4616395636285,51.3886358579362,128.68039557377065
2016-07-25 00:00:00,78.59200000000419,66.68800000002375,43.81265885077022,107.60960729522162
2016-07-25 00:15:00,98.18799999996554,85.16528655552112,57.5813862553087,136.62147086697544
2016-07-25 00:30:00,80.34400000004098,85.3622924218356,56.91408859234446,139.0979674446327
2016-07-25 00:45:00,64.90799999999581,85.23476279362337,57.096458809473795,136.77532616679565
2016-07-25 01:00:00,75.5,86.34935838400423,57.9662856796921,138.3117982829473
2016-07-25 01:15:00,68.27999999996973,86.17242132967192,57.28874796325963,137.05455198433523
2016-07-25 01:30:00,48.12400000001071,86.25476795640098,57.12914600232935,138.15553501953204
2016-07-25 01:45:00,88.53200000000652,87.04544199824363,57.16792058286183,139.41466028645047
2016-07-25 02:00:00,86.7839999999851,86.44879942581649,56.14666093713455,141.90506996639252
2016-07-25 02:15:00,65.2160000000149,85.61135348955263,55.957760577931516,137.85054920398736
2016-07-25 02:30:00,55.40799999999581,85.05372172911403,55.415591992221074,137.81411302800547
2016-07-25 02:45:00,61.24800000002142,85.76576851193663,55.49836152285874,137.93950394821096
2016-07-25 03:00:00,57.84399999998277,85.9264123464597,56.23879164128124,138.82200548339452
2016-07-25 03:15:00,62.94000000000233,86.17318897517754,55.89731882068549,140.6385247946121
2016-07-25 03:30:00,50.62400000001071,85.6597150716547,55.782148160380814,139.55929310024496
2016-07-25 03:45:00,38.18799999996554,84.90459357961676,55.820950755012895,136.61153649019369
2016-07-25 04:00:00,64.2160000000149,84.10147181595276,55.48302532558753,135.66185868009862
2016-07-25 04:15:00,70.34399999998277,83.9364285028574,55.24406626379471,136.07436216733865
2016-07-25 04:30:00,45.8640000000305,84.75760029560358,55.28246353679512,138.86989508090232
2016-07-25 04:45:00,57.92799999996714,85.10710723331648,56.16972608396676,138.6085291973943
2016-07-25 05:00:00,71.25600000003033,84.21931314947882,55.48714517087581,137.31002865497533
2016-07-25 05:15:00,93.62800000000787,83.62465624526646,54.84472158475071,136.45809658869496
2016-07-25 05:30:00,78.44399999995585,84.15736985941567,54.55651298887397,136.18741753187376
2016-07-25 05:45:00,89.61599999999817,83.79959350384051,54.633491698861064,135.60387999847407
2016-08-01 00:00:00,56.472000000067055,74.41548647850932,53.831571609872974,87.40308655616379
2016-08-01 00:15:00,81.24800000002142,65.0303111497649,50.03591676736619,86.28507942142028
2016-08-01 00:30:00,63.09600000001956,67.53428366136977,51.50317830201195,90.23293733961928
2016-08-01 00:45:00,91.8399999999674,69.00073829509334,51.13897384769111,84.13683815447075
2016-08-01 01:00:00,63.37599999993108,66.41039997398371,45.93111324243057,92.87155871134591
2016-08-01 01:15:00,80.8760000000475,70.87482687616487,49.72709205380826,83.18740154580213
2016-08-01 01:30:00,55.28000000002794,70.49340406272418,47.493701831854686,93.09812499083189
2016-08-01 01:45:00,55.31199999991805,75.19725936774512,47.591479352003546,95.70158030898578
2016-08-01 02:00:00,49.53200000000652,73.03525743314287,46.88367578460151,88.39642159157627
2016-08-01 02:15:00,53.940000000060536,70.67277548729527,44.10186025224053,85.83305352087756
2016-08-01 02:30:00,65.0,65.9532712366176,44.36643376037202,86.90308779354389
2016-08-01 02:45:00,59.02799999993295,73.57311073462888,41.64080088222523,94.0093773003249
2016-08-01 03:00:00,49.34400000004098,71.50178801365483,45.39837227410329,96.49719884858844
2016-08-01 03:15:00,58.56400000001304,70.9496088017902,43.62212682401461,88.06216888342988
2016-08-01 03:30:00,45.06400000001304,70.0255348098186,43.74888247807538,90.30778505298163
2016-08-01 03:45:00,60.24800000002142,66.63675827317968,36.28398665804142,88.47265011833667
2016-08-01 04:00:00,46.93599999998696,68.75190533591255,43.6025626972122,98.5746684706836
2016-08-01 04:15:00,49.1600000000326,78.72884298621533,48.47892760329294,96.52677768872071
2016-08-01 04:30:00,46.247999999905005,73.29196024796583,42.094102303518156,96.74292214136646
2016-08-01 04:45:00,56.41200000009485,72.37285548344232,40.058813581656445,95.90912375689022
2016-08-01 05:00:00,63.139999999912106,73.13214033740591,44.06000810308867,103.40618955883944
2016-08-01 05:15:00,64.52799999999479,72.03612216574821,46.4114503081128,100.22547782526101
2016-08-01 05:30:00,59.40800000007948,83.38609780679883,52.15331786483196,102.23319831258011
2016-08-01 05:45:00,87.48799999996845,79.84444472042121,42.4982351121293,103.18604383818514
2016-08-08 00:00:00,14.656000000075435,23.998185872104035,4.269257987645764,49.08442398617543
2016-08-08 00:15:00,30.623999999952503,21.436484945988017,8.33166684354999,50.62400000001071
2016-08-08 00:30:00,34.440000000060536,27.535026488630255,8.442990600909335,50.71999999997206
2016-08-08 00:45:00,26.747999999905005,29.596671054254145,8.552289585381997,51.39200000000346
2016-08-08 01:00:00,23.06400000001304,23.396506714899143,8.65951232304952,50.62400000001071
2016-08-08 01:15:00,25.7160000000149,25.969782699991665,8.764608440030079,50.300000000010186
2016-08-08 01:30:00,15.628000000026075,30.005083099423754,8.867528696232112,50.51200000003519
2016-08-08 01:45:00,15.655999999959022,30.135442054857663,8.968225018311246,50.300000000010186
2016-08-08 02:00:00,18.81200000003446,26.69453642811994,9.066650531788493,50.0
2016-08-08 02:15:00,18.74800000002142,30.387147705576265,9.162759592295025,49.84399999998277
2016-08-08 02:30:00,19.09600000001956,30.50838500721086,9.256507815904255,49.74800000003597
2016-08-08 02:45:00,19.311999999918044,28.663240122839312,9.347852108516305,49.52800000004936
2016-08-08 03:00:00,15.56000000005588,30.741367289439626,9.436750694260393,49.25200000000768
2016-08-08 03:15:00,15.43999999994412,30.85301277150515,9.52316314288179,49.12799999999697
2016-08-08 03:30:00,11.688000000081956,30.961364332468353,9.607050396082222,48.90400000003865
2016-08-08 03:45:00,11.311999999918044,31.066376539517904,9.688374792782643,48.65599999995902
2016-08-08 04:00:00,15.43599999998696,31.168005733325113,9.767100093280048,48.49600000000646
2016-08-08 04:15:00,13.624000000068918,31.266210052136927,9.843191502270436,48.32799999995768
2016-08-08 04:30:00,10.903999999991356,31.360949454569575,9.916615690712517,48.06000000005588
2016-08-08 04:45:00,16.096000000001368,31.45218574107766,9.987340816507237,47.77999999996973
2016-08-08 05:00:00,14.72399999999834,31.539882574077808,10.055336543971451,47.5319999999374
2016-08-08 05:15:00,19.84799999994721,31.62400549670315,10.12057406208255,47.28000000002794
2016-08-08 05:30:00,20.696000000047206,31.704521950171593,10.183026101476518,47.06400000001304
2016-08-08 05:45:00,19.835999999988417,31.781401289749034,10.24266695017995,46.81200000003446
2016-08-15 00:00:00,19.78000000002794,20.25199999997858,13.627382504068223,30.19216864257817
2016-08-15 00:15:00,25.96799999999348,21.18777593929173,14.55472815318144,31.425213187002868
2016-08-15 00:30:00,28.655999999959025,23.10174872264918,19.66980217528099,32.70821223623988
2016-08-15 00:45:00,25.15600000007544,21.34074432124627,13.794470416049212,34.466842949020524
2016-08-15 01:00:00,26.59600000001956,22.04234920546764,13.127705411720122,32.94960122964177
2016-08-15 01:15:00,21.371999999973923,20.58955036770582,15.193759122140724,33.387906823590434
2016-08-15 01:30:00,15.47199999995064,18.430867924499633,14.625956904829327,26.304291420999352
2016-08-15 01:45:00,15.0920000000624,19.167100194286476,14.62330055053907,23.152022910611898
2016-08-15 02:00:00,16.623999999952503,16.725818467863775,13.71866730455438,24.033297078456062
2016-08-15 02:15:00,12.440000000060536,16.055479432891005,14.734717249432853,19.05175110730279
2016-08-15 02:30:00,14.123999999952504,15.371495322324336,11.848942925063293,17.514729409109663
2016-08-15 02:45:00,17.03200000000652,13.505052690689373,10.745284199058222,17.81974471478984
2016-08-15 03:00:00,15.123999999952504,15.786843627832859,14.387772475901397,18.609725053684134
2016-08-15 03:15:00,16.252000000094995,14.817425313834024,11.225870968683807,18.948900891703587
2016-08-15 03:30:00,13.871999999973925,13.383370137851418,11.012088473817595,19.417833961842636
2016-08-15 03:45:00,13.811999999918044,13.441778068791365,11.216024894519983,16.345454055494265
2016-08-15 04:00:00,14.03200000000652,14.325540266357251,12.375904373735464,15.460408759104155
2016-08-15 04:15:00,13.188000000081956,13.459250494898143,10.657768770545522,16.19312499451648
2016-08-15 04:30:00,11.843999999924565,11.455923612589622,9.204057129239526,14.559705411831416
2016-08-15 04:45:00,16.9360000000961,15.053451842380873,11.703293248899879,20.500634307782818
2016-08-15 05:00:00,14.099999999911232,16.200506340016677,12.46767072844927,24.430206532893983
2016-08-15 05:15:00,15.488000000019383,16.60675749171608,12.637335374024957,22.928807640160045
2016-08-15 05:30:00,14.868000000027678,16.46559711434164,14.105718526020624,21.772377522386165
2016-08-15 05:45:00,21.835999999988417,19.93145910766411,13.861682939247945,24.07742508980376
2016-08-22 00:00:00,29.027999999932945,41.55459136574625,23.709150114899465,68.52280704846768
2016-08-22 00:15:00,52.53200000000652,46.2181156218422,27.55713406956605,67.02575751267793
2016-08-22 00:30:00,57.940000000060536,46.8969800763638,24.4060951253792,71.22259038470855
2016-08-22 00:45:00,43.65599999995902,43.90186306433831,23.460090752222833,66.31916086825174
2016-08-22 01:00:00,38.59199999994598,45.69168615058946,25.76426269335835,65.66161470048371
2016-08-22 01:15:00,35.06400000001304,44.03641339225776,23.543700846126043,63.47817254931492
2016-08-22 01:30:00,32.65600000007544,43.47596832111644,23.05851794109883,61.788990286388106
2016-08-22 01:45:00,30.811999999918044,43.69945858461241,22.8983665430969,62.4909552043153
2016-08-22 02:00:00,35.8760000000475,42.61290093865668,22.441092359205747,66.08389348459835
2016-08-22 02:15:00,30.344000000040975,41.4861246683971,21.711822975221402,66.64470132085256
2016-08-22 02:30:00,22.371999999973923,39.806048655004375,21.16904402334744,59.08111052390354
2016-08-22 02:45:00,28.09600000001956,42.29136239477934,23.09975038249888,61.301892113930236
2016-08-22 03:00:00,28.623999999952503,41.105573367667006,24.04165230936573,61.05827601479374
2016-08-22 03:15:00,30.03200000000652,40.275687552571156,24.281618767415754,60.25087019826053
2016-08-22 03:30:00,27.155999999959025,38.5968194795441,21.6499762886219,57.854012860428966
2016-08-22 03:45:00,22.12400000006892,36.56522292537939,22.447388400521884,55.188888294195095
2016-08-22 04:00:00,25.811999999918044,40.13698676072405,23.50038523381927,60.076564443205434
2016-08-22 04:15:00,32.90800000005402,38.357537571467674,20.845652866722315,57.20210481070478
2016-08-22 04:30:00,24.376000000047497,36.05580536180754,20.32515390975992,62.98759736200527
2016-08-22 04:45:00,24.735999999960768,35.118932095713234,19.936940319449732,52.6142413719335
2016-08-22 05:00:00,22.76799999996001,36.11574263695815,21.264978727765346,54.07596316896023
2016-08-22 05:15:00,34.3119999999908,37.11271152652836,22.225699207217207,53.71927303283554
2016-08-22 05:30:00,29.25600000008853,35.88221792461577,20.476385522611288,53.201700352393786
2016-08-22 05:45:00,33.97599999991871,37.32019881848351,21.59376316435156,54.98014922018071
2016-08-29 00:00:00,60.93599999998696,71.142064964022,37.16660494689583,106.39816089073129
2016-08-29 00:15:00,57.71999999997206,70.50782110049471,36.81765835417437,105.97376037921661
2016-08-29 00:30:00,60.53200000000652,66.65146225294868,33.23620914753981,102.3234291020061
2016-08-29 00:45:00,44.03200000000652,65.28408197123203,31.903493859373,100.98497941386593
2016-08-29 01:00:00,56.24800000002142,62.72463381003082,29.585111633113787,98.73775909297738
2016-08-29 01:15:00,48.09600000001956,62.52695916129344,29.438072418342394,98.60418547820976
2016-08-29 01:30:00,55.74800000002142,61.474851940330424,28.461620708645896,97.62773376851324
2016-08-29 01:45:00,54.56400000001304,64.74301491479726,31.96676252109146,101.24162714414165
2016-08-29 02:00:00,43.40399999998044,66.35224702034228,33.53064555048284,102.7460130103883
2016-08-29 02:15:00,45.56400000001304,65.6800293466858,32.86667706713915,102.06004659762534
2016-08-29 02:30:00,37.71999999997206,65.44562144307338,32.723758979200596,101.8900708155472
2016-08-29 02:45:00,29.46799999999348,65.39337680325387,32.693183534373496,101.82095381777913
2016-08-29 03:00:00,40.65599999995902,64.82225093651596,32.39785022963499,101.51323018409771
2016-08-29 03:15:00,31.78000000002794,64.82425315126083,32.2743804795441,101.38976043400682
2016-08-29 03:30:00,35.5,67.84031004351051,35.285190085775334,104.44007829858731
2016-08-29 03:45:00,30.09600000001956,68.54372215243517,35.91366778108034,105.1533552409931
2016-08-29 04:00:00,36.7160000000149,67.49899007224735,35.01355302621129,104.19138486256489
2016-08-29 04:15:00,22.811999999918044,67.4725659516479,34.926531001856006,104.08917167457723
2016-08-29 04:30:00,27.5,67.16122592427199,34.53433180442194,103.69697247714316
2016-08-29 04:45:00,38.62800000002608,67.58164260937698,35.04560583916064,104.2609732990661
2016-08-29 05:00:00,32.56000000005588,71.00406639825472,38.50328450659331,107.41334912963902
2016-08-29 05:15:00,30.46799999999348,70.96716909707057,38.39928213420603,107.86631559364861
2016-08-29 05:30:00,28.87599999993108,70.94876235853502,38.42916687585146,107.79421000632006
2016-08-29 05:45:00,41.252000000095,70.82455183533658,38.28953486448747,107.5982579949609
2016-09-05 00:00:00,52.59199999994598,56.40800000005402,31.048744502604404,84.63621324019884
2016-09-05 00:15:00,36.68799999996554,41.81474938463746,22.074643360907118,62.894910395274955
2016-09-05 00:30:00,32.28000000002794,40.1473787985017,18.955780046055136,62.0298923427053
2016-09-05 00:45:00,40.71999999997206,38.85652423700427,16.809377106531265,61.86593694533778
2016-09-05 01:00:00,41.93599999998696,37.69270947495156,15.479913682286288,60.55693429109723
2016-09-05 01:15:00,37.12800000002608,36.61915551050962,14.24649314160304,60.8359331736472
2016-09-05 01:30:00,31.02800000004936,35.96984797722232,12.6266858588454,60.79846354851622
2016-09-05 01:45:00,32.62800000002608,35.29191806091774,11.720818424313208,59.34487131765897
2016-09-05 02:00:00,28.747999999905005,34.84045300752519,10.926118159266045,58.75037028159517
2016-09-05 02:15:00,33.90800000005402,34.38362705307531,9.12715336258152,59.429150707444535
2016-09-05 02:30:00,27.18799999996554,33.93463047980978,10.358958885356543,58.38681556785553
2016-09-05 02:45:00,35.46799999999348,34.078897101328295,10.037569834434036,59.35560418389431
2016-09-05 03:00:00,32.74800000002142,34.14308498153682,8.593552939279189,58.881451621055795
2016-09-05 03:15:00,27.68799999996554,34.23296372691713,9.312523191430637,59.396529609500966
2016-09-05 03:30:00,36.81200000003446,34.25390104836982,7.897799032030229,58.51547077863372
2016-09-05 03:45:00,27.376000000047497,34.1191258925711,7.130843886265413,59.07259472243617
2016-09-05 04:00:00,32.93599999998696,34.37446362317744,6.717458964977262,58.6075039580046
2016-09-05 04:15:00,27.815999999991615,34.658542346447454,6.293792044711886,58.89935253923432
2016-09-05 04:30:00,29.623999999952503,34.85944193571949,7.056913473595286,59.720880930021075
2016-09-05 04:45:00,33.43599999998696,35.49946915087947,7.376220590342562,59.38333924860215
2016-09-05 05:00:00,45.78400000010152,35.83691870831827,8.459721619481956,62.37297630206323
2016-09-05 05:15:00,46.1239999999525,36.492522125117574,7.288567963621453,63.13810818722728
2016-09-05 05:30:00,41.93599999998696,36.99128526251321,9.074628614238568,63.61110715153504
2016-09-05 05:45:00,54.06400000001304,37.16890376637121,7.8335513524507645,64.15528529501785
2016-09-12 00:00:00,65.9079999999376,37.260814942445144,21.06304829065428,55.120893830660314
2016-09-12 00:15:00,60.72000000008848,37.173684674757894,21.374282974630688,59.82856739175342
2016-09-12 00:30:00,53.68799999996554,34.430513935243575,18.450637845271075,52.41017751496685
2016-09-12 00:45:00,46.28000000002794,32.82647462976988,19.92465760948738,49.70953576629632
2016-09-12 01:00:00,62.18799999996554,33.680046300709925,18.97419679740638,54.43502588614228
2016-09-12 01:15:00,32.15599999995902,33.21357629694074,17.895520511774052,47.50225968648534
2016-09-12 01:30:00,26.844000000040975,33.4973566823366,18.485848478691647,52.595173325542866
2016-09-12 01:45:00,41.43599999998696,33.35309479532364,18.438440388905068,55.88148228618681
2016-09-12 02:00:00,32.84400000004098,33.07957305763166,18.524168804249104,51.26569005960989
2016-09-12 02:15:00,34.93599999998696,31.9942767471985,17.06597116213719,51.62891048958078
2016-09-12 02:30:00,34.53200000000652,31.71552357795726,16.688931316383727,56.197364296040746
2016-09-12 02:45:00,36.71999999997206,33.419948122598406,18.642499778747254,57.18917407349071
2016-09-12 03:00:00,34.84400000004098,32.35480326179414,18.37513352845602,57.791093353764495
2016-09-12 03:15:00,37.84399999992456,36.254078195431944,20.143288006257574,60.84252882340417
2016-09-12 03:30:00,37.56000000005588,32.18377685096518,16.90754128505414,54.41238715444036
2016-09-12 03:45:00,36.59600000001956,31.36852725413767,16.643504804117644,58.78787668710723
2016-09-12 04:00:00,29.655999999959025,34.92327459287713,19.115187062451813,62.93970426728787
2016-09-12 04:15:00,52.56400000001304,32.93884187836785,18.510179733146426,64.39674261128272
2016-09-12 04:30:00,39.24800000002142,33.967379799072226,19.442408326820033,66.52542557406198
2016-09-12 04:45:00,28.655999999959025,35.262216410696915,20.71936158244525,59.720158307196385
2016-09-12 05:00:00,36.90800000005402,37.04640177360597,21.27863464116269,67.60877758953447
2016-09-12 05:15:00,39.12000000000262,37.265922445899996,22.648681547814032,73.71560308560966
2016-09-12 05:30:00,40.81199999990349,37.13265089116229,21.90103671243433,70.52216720982841
2016-09-12 05:45:00,51.804000000011,38.71946532405647,24.103971221387766,70.32828700013629
2016-09-19 00:00:00,45.43599999998696,48.31200000003446,36.503861547540154,63.59698290654779
2016-09-19 00:15:00,43.440000000060536,39.87735953734259,26.942934385555734,55.489346294902994
2016-09-19 00:30:00,27.155999999959025,38.35146664146836,25.394710706910573,58.22722957441283
2016-09-19 00:45:00,42.28000000002794,39.10136543376811,24.78635242537139,59.72900573252905
2016-09-19 01:00:00,43.15599999995902,38.52625015348236,23.59577934210384,63.29212699425555
2016-09-19 01:15:00,26.68799999996554,38.379693214754106,23.252468607325245,62.803305013681346
2016-09-19 01:30:00,29.96799999999348,38.27775992570084,23.876304381473915,60.59087289098164
2016-09-19 01:45:00,22.0920000000624,38.33033576307399,22.468821248342234,64.29995729639676
2016-09-19 02:00:00,25.93999999994412,38.27514694451412,21.846819410282745,67.01165499414513
2016-09-19 02:15:00,38.5920000000624,38.86050779420996,21.065412116872366,64.80133523316475
2016-09-19 02:30:00,29.62800000002608,37.93201581764172,21.285278648170916,64.46894711875922
2016-09-19 02:45:00,27.123999999952503,38.52456405463146,22.16257170523562,68.8304684538028
2016-09-19 03:00:00,33.40399999998044,39.235680744254005,21.620721946496094,67.11923459058715
2016-09-19 03:15:00,23.376000000047497,37.7588693862498,21.596037410901015,66.59105025533094
2016-09-19 03:30:00,29.4079999999376,38.29961294967036,21.025548331766416,66.13620592208134
2016-09-19 03:45:00,21.15600000007544,39.328711627111794,21.045932576398545,73.03831717910808
2016-09-19 04:00:00,27.779999999911524,40.135617571383314,22.525618991614135,72.26625063991885
2016-09-19 04:15:00,29.908000000054017,41.1804419958144,22.95349443687208,72.1567237140026
2016-09-19 04:30:00,34.96799999999348,41.128613854626714,22.850008583877568,72.44837932776936
2016-09-19 04:45:00,32.18799999996554,40.84822770058272,23.640136701297887,75.19629848542928
2016-09-19 05:00:00,34.06000000005588,41.83003367486319,22.891823620771078,73.15681606508626
2016-09-19 05:15:00,31.46799999999348,41.86744513883415,23.16554830467254,66.88407014768275
2016-09-19 05:30:00,30.56400000001304,41.84453660140124,21.985779481554506,71.0913198890597
2016-09-19 05:45:00,42.49599999991915,41.285379322187744,23.014557700049462,76.69612444752657
2016-09-26 00:00:00,42.65600000007544,37.46824228575305,20.64997893344648,46.282069630027024
2016-09-26 00:15:00,43.84399999992456,38.58045040341995,22.873704471402043,54.007000997064665
2016-09-26 00:30:00,29.752000000094995,39.77260069912006,27.933811440445034,58.85905234936162
2016-09-26 00:45:00,27.43599999998696,39.37365865415029,27.249297861552535,60.83498432246042
2016-09-26 01:00:00,35.84399999992456,37.368509818175745,25.3797381517246,54.92326653461602
2016-09-26 01:15:00,26.344000000040975,35.368909454964026,23.59605120604788,47.480968494215674
2016-09-26 01:30:00,29.623999999952503,37.81394378697956,17.82313726301339,57.64334321711135
2016-09-26 01:45:00,28.0,37.60297825506241,19.057090017157993,59.467384117830925
2016-09-26 02:00:00,28.12800000002608,36.53204540067249,26.315078904243165,51.5412227360126
2016-09-26 02:15:00,26.40399999998044,35.1529707605741,22.98723722887246,52.774743595560565
2016-09-26 02:30:00,25.31200000003446,33.851191951837635,21.957281030124403,56.31677770309586
2016-09-26 02:45:00,33.31200000003446,33.614247278356274,21.868466224613606,54.875361754161304
2016-09-26 03:00:00,25.62800000002608,34.19214594848128,22.81866271822753,53.97847112789367
2016-09-26 03:15:00,26.247999999905005,33.37460380682162,22.629902574104253,52.798162862099055
2016-09-26 03:30:00,29.46799999999348,33.93668986898745,23.023915725730202,50.10808136729058
2016-09-26 03:45:00,29.408000000054017,34.00305939159747,20.198056472350096,50.02360090648286
2016-09-26 04:00:00,23.21999999997206,31.05923612138383,15.233037495114104,44.61138410135232
2016-09-26 04:15:00,23.15600000007544,32.127197186597634,22.01074414497309,44.39092152654016
2016-09-26 04:30:00,29.811999999918044,35.03025506101796,21.06946617086168,53.44653748953073
2016-09-26 04:45:00,32.34400000004098,36.046731078511705,27.538427623090598,56.710483588111344
2016-09-26 05:00:00,24.40399999998044,37.3472453221736,27.094090425240612,51.9906126272504
2016-09-26 05:15:00,29.2839999999851,37.647094179532864,26.603105289953284,54.743638287145515
2016-09-26 05:30:00,34.99999999998545,36.99586547345278,25.781424876972434,52.44053651833777
2016-09-26 05:45:00,50.77200000000448,36.6415659757396,26.575351957985937,51.925960271742
2016-10-03 00:00:00,27.22000000008848,21.87599999993108,14.71258344051327,31.197430982500496
2016-10-03 00:15:00,31.843999999924563,41.915165675198686,29.76282466278819,58.95071994242295
2016-10-03 00:30:00,11.0920000000624,45.616903665589184,33.341673805342786,61.0140078873563
2016-10-03 00:45:00,17.0,50.666630519580345,37.51333106292651,61.91840659653877
2016-10-03 01:00:00,18.279999999911524,54.770242427055734,41.316379221495495,62.04687180948811
2016-10-03 01:15:00,11.940000000060536,55.37802538083373,42.24858458695395,61.99729323145708
2016-10-03 01:30:00,9.559999999939464,56.1971670731141,45.11873184975375,61.946879774889865
2016-10-03 01:45:00,13.844000000040978,56.728097090340455,49.694487698101746,61.86203680363427
2016-10-03 02:00:00,11.155999999959022,56.7720739888056,51.32460873159537,61.74560268327981
2016-10-03 02:15:00,10.06400000001304,56.772578870936734,52.282522717300715,61.62121005199326
2016-10-03 02:30:00,11.0920000000624,56.75831402687243,53.0059836412075,61.501293106297524
2016-10-03 02:45:00,14.71999999997206,56.7298540646486,53.42754238283364,61.39572749464888
2016-10-03 03:00:00,20.344000000040975,56.69204725855769,53.5920571464665,61.30990008285657
2016-10-03 03:15:00,14.096000000019558,56.65375847176438,53.72159528234791,61.24348224150698
2016-10-03 03:30:00,16.903999999980442,56.61547013886104,53.82905457979007,61.19053549464293
2016-10-03 03:45:00,20.03200000000652,56.576034456360745,53.872610695335304,61.141237476805706
2016-10-03 04:00:00,17.875999999931082,56.53683556844868,53.89695575151127,61.084793569032186
2016-10-03 04:15:00,9.871999999973925,56.49829113272235,53.917887721238074,61.01293941184116
2016-10-03 04:30:00,10.53200000000652,56.46037637978927,53.93404759476352,60.92510835799479
2016-10-03 04:45:00,16.876000000047497,56.42306490014765,53.94062051797262,60.83377003027712
2016-10-03 05:00:00,13.18799999996554,56.38654658172097,53.936763926322136,60.7709449343017
2016-10-03 05:15:00,13.403999999980442,56.35084732793126,53.90895325116257,60.79484033972645
2016-10-03 05:30:00,12.408000000054017,56.315920922180084,53.83528015513178,60.99502113840941
2016-10-03 05:45:00,20.36800000003859,56.28178716538676,53.697853480005826,61.49443389301187
2016-10-10 00:00:00,33.0,28.56400000001304,9.753081887099134,50.109511031552955
2016-10-10 00:15:00,27.0920000000624,23.80064494275051,8.657510090252927,49.11605372417989
2016-10-10 00:30:00,19.123999999952503,25.378121830632196,8.616522147882254,49.333741489811075
2016-10-10 00:45:00,23.908000000054017,25.296955572012074,8.637931426147915,49.96085801719181
2016-10-10 01:00:00,26.06400000001304,25.243173125320418,8.721632396228415,51.16515530167417
2016-10-10 01:15:00,18.123999999952503,25.216991717099898,8.867252399762354,49.933517558579034
2016-10-10 01:30:00,17.24800000002142,25.218510288849927,9.09967037196557,38.2261815505602
2016-10-10 01:45:00,18.25199999997858,25.484873441661293,9.395933029069184,41.20109456427568
2016-10-10 02:00:00,23.091999999945983,25.543394816995352,9.723961187397709,44.28790465857737
2016-10-10 02:15:00,21.408000000054017,25.428302853878897,10.109556573428907,44.64288570062557
2016-10-10 02:30:00,16.091999999945983,24.694351894424265,11.38911246220994,44.207714223314
2016-10-10 02:45:00,21.65600000007544,23.91342251320957,12.184607048473579,43.41418179120973
2016-10-10 03:00:00,28.5,24.244147039521465,12.09211904417522,45.58757271026359
2016-10-10 03:15:00,22.2839999999851,24.464425983945546,12.122277568000458,43.079834171738256
2016-10-10 03:30:00,18.871999999973923,24.217112716177557,11.253405471644278,43.097488441807165
2016-10-10 03:45:00,17.972000000067055,25.06788786716417,11.866964646900112,43.014348690583965
2016-10-10 04:00:00,14.655999999959022,25.219525823064426,11.711543769434265,41.06722781493956
2016-10-10 04:15:00,25.184000000008385,26.684809078240708,12.835204797620488,41.55958781599227
2016-10-10 04:30:00,26.47199999995064,26.82498007968966,12.118583536025398,42.916154948464424
2016-10-10 04:45:00,24.93599999998696,27.252800904219193,13.365388578662888,42.77790180894482
2016-10-10 05:00:00,22.03200000000652,27.775206743747553,13.161914106532938,44.252104323759994
2016-10-10 05:15:00,29.15600000007544,28.58628732391514,13.301635931935003,44.7623003673763
2016-10-10 05:30:00,25.311999999918044,29.45437917306635,14.766794628104993,45.35351838535145
2016-10-10 05:45:00,40.0920000000624,30.173509543564354,15.087743376113597,45.920264151780586
2016-10-17 00:00:00,27.03200000000652,41.28000000002794,25.042552820843596,59.43763290622869
2016-10-17 00:15:00,30.78000000002794,41.0573338004188,23.93674961668896,58.03626172982109
2016-10-17 00:30:00,24.59600000001956,38.619139516029236,22.34998866562781,58.91260077879209
2016-10-17 00:45:00,30.591999999945983,39.469914644842504,22.780897127775276,59.30750924093875
2016-10-17 01:00:00,30.68799999996554,40.161051410602546,24.55710056022616,57.87811267333436
2016-10-17 01:15:00,19.0,38.473678079282955,21.98166056221275,54.49017267534635
2016-10-17 01:30:00,17.876000000047497,35.90247122840663,21.33285371134244,54.94456582448118
2016-10-17 01:45:00,18.5,37.56307866435358,23.639327813967526,54.823406593748324
2016-10-17 02:00:00,24.123999999952503,38.71181486026975,23.53816400990948,57.470342789676614
2016-10-17 02:15:00,40.22000000008848,38.844985445187525,21.718967928110146,57.315546707919026
2016-10-17 02:30:00,31.46799999999348,36.91425990801741,21.361775724287373,55.27258783742266
2016-10-17 02:45:00,19.71999999997206,37.556815128867264,22.37753094514062,55.88994305827333
2016-10-17 03:00:00,17.903999999980442,38.83977265477974,24.276921804411487,58.36180058418463
2016-10-17 03:15:00,17.628000000026077,38.071009900710216,22.79699238362876,55.532004496774555
2016-10-17 03:30:00,17.844000000040978,35.03351085787684,21.493226674157416,55.12023878729383
2016-10-17 03:45:00,19.46799999999348,36.76157338334661,19.964889199615207,55.38470131273656
2016-10-17 04:00:00,17.843999999924563,39.37998845011227,22.541604266400626,59.9914830461858
2016-10-17 04:15:00,18.40399999998044,41.77753290836092,24.67784872461799,60.680027504422185
2016-10-17 04:30:00,16.096000000019558,38.94895780718465,23.02614029012041,56.6941190699368
2016-10-17 04:45:00,30.90399999998044,37.073454672058716,21.416170488328305,55.14878260146876
2016-10-17 05:00:00,43.46799999999348,39.321395205849164,25.035711022131892,60.531556468580355
2016-10-17 05:15:00,47.09600000001956,41.99234889747077,25.332998047069633,61.09577682687962
2016-10-17 05:30:00,23.62400000006892,39.45874350766514,24.749125990602135,57.84020477039716
2016-10-17 05:45:00,35.37599999993108,38.46306744201129,23.396783258286078,57.81896203807785
2016-10-24 00:00:00,48.40800000005402,29.47933916429015,19.768176242300303,48.47787443380805
2016-10-24 00:15:00,26.0,30.151011960791806,18.55985123514363,48.95607962144567
2016-10-24 00:30:00,17.56400000001304,26.571199330578878,16.846759539192053,44.6466683733402
2016-10-24 00:45:00,24.344000000040975,29.104844529235834,19.620583935299095,47.99024677867704
2016-10-24 01:00:00,25.747999999905005,31.082773864078437,18.97808773313424,52.834033103195566
2016-10-24 01:15:00,25.68800000008196,29.143865468778785,18.9287315020054,47.79254142111242
2016-10-24 01:30:00,38.65599999995902,28.3869764604984,17.67686907318705,47.96161546253867
2016-10-24 01:45:00,29.03200000000652,30.140690164206987,17.257711858398768,54.050953368604695
2016-10-24 02:00:00,19.40399999998044,30.194147151730068,16.88771275990084,55.233449381799524
2016-10-24 02:15:00,20.53200000000652,28.40017066854635,16.745727266907977,47.83061088431026
2016-10-24 02:30:00,17.78000000002794,30.1840495902176,17.009780280575296,50.74178526611158
2016-10-24 02:45:00,18.59600000001956,31.26148114232289,17.724633111401975,54.30558278394572
2016-10-24 03:00:00,19.93599999998696,30.764660087514567,18.595976832259574,45.10813824759369
2016-10-24 03:15:00,20.4079999999376,31.36630004133234,18.0866745681038,47.49522805127287
2016-10-24 03:30:00,17.46799999999348,29.320096433432365,17.57381529757946,47.62101212777543
2016-10-24 03:45:00,17.252000000094995,32.179166210296124,17.954996896238885,54.88230028238174
2016-10-24 04:00:00,19.839999999967404,32.383004389407695,17.152779564066506,57.29540404488994
2016-10-24 04:15:00,17.628000000026077,29.396524900573258,18.40821900915552,46.699325115718544
2016-10-24 04:30:00,16.371999999973923,29.13153059181762,17.437978236826854,45.79014322969732
2016-10-24 04:45:00,29.343999999924563,31.681299487171003,17.627077420904644,49.02834687525024
2016-10-24 05:00:00,43.472000000067055,31.28714805043528,18.29060078526614,53.462321291905766
2016-10-24 05:15:00,42.2160000000149,30.33168239313291,19.228158403735776,48.99193045426093
2016-10-24 05:30:00,25.62800000002608,30.15324286760806,17.594542430830106,51.25780042150572
2016-10-24 05:45:00,34.09199999994598,31.74929265284904,18.760848791183818,47.27452997218477
2016-10-31 00:00:00,28.56000000005588,28.808529756002343,22.272495969425204,41.90007951217476
2016-10-31 00:15:00,21.655999999959025,30.759837153416743,21.34212166468564,49.73494085858953
2016-10-31 00:30:00,24.155999999959025,29.203538736846472,21.275115557737195,38.69399581220462
2016-10-31 00:45:00,29.876000000047497,24.98801692428344,18.49033651514148,39.11997443396547
2016-10-31 01:00:00,34.31200000003446,26.61940011892426,18.760901955736855,40.90379909616607
2016-10-31 01:15:00,29.56400000001304,29.12713757016658,17.496261495008696,39.46977485841756
2016-10-31 01:30:00,17.811999999918044,24.87923468319663,15.607362927753039,38.03099690793969
2016-10-31 01:45:00,18.876000000047497,20.840234137142915,15.025687754863611,35.6997916933307
2016-10-31 02:00:00,18.28000000002794,23.209960622946966,15.405093033609143,38.533232920179394
2016-10-31 02:15:00,17.03200000000652,24.44726979420985,16.28663007790495,38.674725117560506
2016-10-31 02:30:00,15.56400000001304,22.309005336028793,15.052250797997234,32.63583916816165
2016-10-31 02:45:00,17.46799999999348,22.502351279515313,15.725683753774858,33.92316495236878
2016-10-31 03:00:00,21.811999999918044,22.75337748446435,15.190959303826189,39.39533082741245
2016-10-31 03:15:00,27.376000000047497,21.891734603459824,15.296985512015617,35.85397828558033
2016-10-31 03:30:00,15.559999999939464,21.79425074476967,16.168167561410474,33.84778885175861
2016-10-31 03:45:00,15.220000000088476,20.496538093377385,14.501249341896665,31.473030330367028
2016-10-31 04:00:00,17.21999999997206,21.668237552309268,15.747777860273288,37.931103222770666
2016-10-31 04:15:00,17.184000000008382,24.00941923335408,15.14139305220411,37.811437125296386
2016-10-31 04:30:00,19.47199999995064,22.00112054766016,16.45384834863302,40.45889520738581
2016-10-31 04:45:00,18.0,25.756096927747052,17.697748115628936,39.73557061383119
2016-10-31 05:00:00,17.52800000004936,27.764818113112,16.28061448869031,42.56726564751593
2016-10-31 05:15:00,20.56400000001304,28.16247815368675,18.048152391564532,47.22043639860673
2016-10-31 05:30:00,16.68799999996554,28.623765328413707,17.902687175810414,43.585564487386165
2016-10-31 05:45:00,27.123999999952503,30.476657169354965,18.382629302751408,45.02195752874155
2016-11-07 00:00:00,32.78000000002794,25.56400000001304,17.14595069552145,43.34976802018777
2016-11-07 00:15:00,18.0,26.855969173913614,16.471852248301914,46.02041152275744
2016-11-07 00:30:00,17.0,27.12075793055298,16.592130680991946,49.29844717585842
2016-11-07 00:45:00,27.440000000060536,27.477365137634205,17.59331808341706,42.11254426060619
2016-11-07 01:00:00,23.155999999959025,26.68470089951273,16.870488942784284,43.1284432033998
2016-11-07 01:15:00,15.155999999959022,26.272406037289294,16.0607497245974,44.18439374326372
2016-11-07 01:30:00,18.22000000008848,27.153810392449802,15.14893007813762,48.688378272698955
2016-11-07 01:45:00,14.279999999911524,25.331419759609332,14.973066247710364,36.13440349146308
2016-11-07 02:00:00,24.344000000040975,21.79034722938256,15.212936098762707,33.84493585223992
2016-11-07 02:15:00,16.155999999959022,21.272198458534792,15.061349144902739,35.02903104520895
2016-11-07 02:30:00,16.93599999998696,21.538964208455397,13.403727185395185,37.288077500622684
2016-11-07 02:45:00,18.408000000054017,19.221149988915812,13.124322124407382,31.294454962678543
2016-11-07 03:00:00,17.74800000002142,20.17687917359303,13.688524854585847,29.51775544140729
2016-11-07 03:15:00,19.53200000000652,19.664473389651427,13.307772124430384,29.911336267568345
2016-11-07 03:30:00,22.06400000001304,21.029554843403773,14.042234699333713,31.616683138611375
2016-11-07 03:45:00,17.591999999945983,23.312374345555295,14.472925104415143,40.659037886920146
2016-11-07 04:00:00,14.21999999997206,22.456345008179024,13.387051741227143,35.45751178535321
2016-11-07 04:15:00,15.93599999998696,21.637685580174605,15.30432129958845,35.29267411438153
2016-11-07 04:30:00,20.0,22.68679234318043,14.238160727248449,44.86119738829012
2016-11-07 04:45:00,14.844000000040978,23.364212046200844,14.305789215344898,46.609967919484724
2016-11-07 05:00:00,14.78000000002794,21.37393733536405,13.994937805039726,37.45348490731076
2016-11-07 05:15:00,24.06400000001304,22.435279243166697,12.880375334437234,40.51724920131731
2016-11-07 05:30:00,22.311999999918044,23.96570724006537,13.76074968338785,42.66677580877027
2016-11-07 05:45:00,32.56400000001304,24.953883477905904,15.021154539103275,46.25558334344984
2016-11-14 00:00:00,20.71999999997206,26.0,16.432156997902542,44.39364091426696
2016-11-14 00:15:00,26.40399999998044,21.51343168056128,13.107293783062646,32.756668713989725
2016-11-14 00:30:00,21.18800000008196,21.90486978892592,13.173543201167424,33.11493274274267
2016-11-14 00:45:00,30.46799999999348,24.33624418883718,14.663370725463317,36.080980793706765
2016-11-14 01:00:00,23.2839999999851,24.607609418579646,14.925847657399553,38.6003144729807
2016-11-14 01:15:00,17.5,22.163759884909854,13.006604271577443,34.858669052928946
2016-11-14 01:30:00,21.0,20.89520568088504,13.597591839457092,30.152111608892522
2016-11-14 01:45:00,17.903999999980442,20.798358087944347,12.228478433505868,32.06745734694538
2016-11-14 02:00:00,19.28000000002794,21.712974624929544,11.580204977940078,35.108931711306155
2016-11-14 02:15:00,19.37599999993108,22.973531332547,12.530020420581927,35.2999309768044
2016-11-14 02:30:00,17.752000000094995,23.138759450500014,13.901608825937789,41.268518404736064
2016-11-14 02:45:00,24.5,21.30017011344013,11.760026468569512,34.33722114801785
2016-11-14 03:00:00,23.71599999989849,19.968837245829054,10.988751422795055,31.80609301465251
2016-11-14 03:15:00,19.876000000047497,22.754344848744267,13.316815480003449,31.48901624737026
2016-11-14 03:30:00,21.18799999996554,21.875003832931284,13.252796976889641,31.998485697382836
2016-11-14 03:45:00,16.188000000081956,19.681671497688505,11.382161093717702,28.855328043111868
2016-11-14 04:00:00,15.811999999918044,21.083605544409505,11.923427092702225,31.11008913859425
2016-11-14 04:15:00,18.908000000054017,22.30299657410964,12.464065656441951,32.99307010685305
2016-11-14 04:30:00,15.43599999998696,23.70814881061596,13.507307757843405,34.417861144825594
2016-11-14 04:45:00,15.81200000003446,25.586742493771357,15.096488748453513,35.77798176133137
2016-11-14 05:00:00,23.06400000001304,27.375969365602284,16.491736248468676,40.16994713517673
2016-11-14 05:15:00,19.18799999996554,28.957470942600246,19.690315981519404,40.71263751009732
2016-11-14 05:30:00,20.40399999998044,26.970850725436765,17.549884962463498,37.306565174497
2016-11-14 05:45:00,34.46799999999348,31.80211442664076,20.541707801253125,42.59563262895475
2016-11-21 00:00:00,32.87599999993108,38.252000000095,33.147428297720715,43.45464658355139
2016-11-21 00:15:00,22.5,24.56200000003446,18.499499999993716,33.72723427165319
2016-11-21 00:30:00,20.5,23.659654464478024,17.457200000001468,32.3225432005636
2016-11-21 00:45:00,29.18800000008196,27.220000000030268,19.97623725766136,34.50658936707491
2016-11-21 01:00:00,27.247999999905005,26.335157830096044,20.436430136602677,32.39994570802051
2016-11-21 01:15:00,19.12400000006892,20.654784391751157,15.56459999998333,24.439646689153705
2016-11-21 01:30:00,20.93999999994412,20.559567520891605,18.024700000014853,26.0812610308813
2016-11-21 01:45:00,19.81200000003446,20.65167704266281,15.404999999937719,26.674099758077052
2016-11-21 02:00:00,22.18799999996554,20.790647851328114,18.196700583826004,24.15639917864
2016-11-21 02:15:00,25.0,21.807319993888118,16.159582918363906,25.276476354470617
2016-11-21 02:30:00,20.5,20.27236497303309,13.72844515291378,25.733899999974533
2016-11-21 02:45:00,24.68800000008196,26.06400000001304,18.89557883289256,31.166287261055977
2016-11-21 03:00:00,24.183999999891967,27.599911638377705,18.585000000015135,35.3965575008653
2016-11-21 03:15:00,21.06400000001304,22.406345535571802,14.685582565688001,28.0131057880602
2016-11-21 03:30:00,20.0,20.424000000057276,12.086046811436756,27.067064419893995
2016-11-21 03:45:00,25.93599999998696,17.75937953702687,14.225996948202084,23.036653673208466
2016-11-21 04:00:00,20.940000000060536,19.864272980765374,14.345999999984635,28.94716337051329
2016-11-21 04:15:00,18.31200000003446,19.864690000485357,15.125069298615225,27.28218621028413
2016-11-21 04:30:00,16.747999999905005,19.20199999999022,17.306236388490998,24.06981512066918
2016-11-21 04:45:00,20.18800000008196,18.372463371134767,14.54235349135292,24.302300000045218
2016-11-21 05:00:00,18.18799999996554,16.957538565494293,13.564354075175709,21.35529917861395
2016-11-21 05:15:00,19.440000000060536,21.19105856541938,18.165933952308997,28.385341163450953
2016-11-21 05:30:00,19.247999999905005,22.214209866952363,18.075569797713648,29.081885783800328
2016-11-21 05:45:00,33.93599999998696,32.70400000002701,26.27685793044833,47.63423820201787
2016-11-28 00:00:00,32.06400000001304,32.5,25.26996462854522,37.37013004910495
2016-11-28 00:15:00,21.43599999998696,27.226520190743525,21.91426006454205,34.26588022283579
2016-11-28 00:30:00,19.68799999996554,25.690626623488708,22.463360055250842,30.78250661860737
2016-11-28 00:45:00,30.68799999996554,29.026733595329535,22.697126513757468,38.81166685930165
2016-11-28 01:00:00,24.871999999973923,28.948946645090317,22.102079979013734,34.90657995562422
2016-11-28 01:15:00,19.316000000108037,23.592866835824676,17.07016667906278,30.805279725244294
2016-11-28 01:30:00,17.623999999952503,21.31346678875769,18.22033326376247,27.150106903726357
2016-11-28 01:45:00,25.43599999998696,20.17997348402611,17.650046738591115,23.836066629166464
2016-11-28 02:00:00,32.18799999996554,19.662640107454795,16.443346787668755,24.06210677126227
2016-11-28 02:15:00,21.752000000094995,21.87914671374025,16.57308007253862,24.733933003771522
2016-11-28 02:30:00,16.93599999998696,23.69330686123946,18.06618675209965,26.231506399549783
2016-11-28 02:45:00,19.18799999996554,25.07838679957996,20.0326934064682,31.286613525784933
2016-11-28 03:00:00,22.876000000047497,24.38918666033376,20.952526688900345,32.208826761318214
2016-11-28 03:15:00,20.747999999905005,24.05622668385534,19.74129999774919,32.367813289069794
2016-11-28 03:30:00,20.62400000006892,20.447680109386607,16.7098131947713,31.14659977239212
2016-11-28 03:45:00,19.87599999993108,20.288800000662953,16.232000165973954,27.771746766002178
2016-11-28 04:00:00,17.06400000001304,20.54831974824764,16.459999814375646,28.240799921427058
2016-11-28 04:15:00,19.5,18.83498664699611,16.20133332829248,27.87353315076747
2016-11-28 04:30:00,26.18800000008196,18.977653477680114,16.45999997014898,27.668132848628776
2016-11-28 04:45:00,25.623999999952503,18.688906725810426,16.303813377863108,27.63646681042846
2016-11-28 05:00:00,24.43599999998696,17.45496005787583,16.334666651428915,26.34637347772764
2016-11-28 05:15:00,20.75199999997858,21.11573348912779,17.575626692768328,31.062160545420525
2016-11-28 05:30:00,22.12400000006892,23.260266442902235,19.83026663489254,33.2323338220963
2016-11-28 05:45:00,30.247999999905005,33.496840085206905,23.258266690209933,43.08922633723273
2016-12-05 00:00:00,39.43599999998696,28.247999999905005,17.96734448079981,47.944275373979394
2016-12-05 00:15:00,22.06400000001304,19.639400474900416,15.741767353392865,32.12606908771053
2016-12-05 00:30:00,16.752000000094995,18.232816888768706,14.859440568929069,27.137299233452506
2016-12-05 00:45:00,26.059999999939464,25.275818868916303,15.939769890042152,30.031294121807434
2016-12-05 01:00:00,23.0,24.624125025067766,15.748643308443386,30.052903236433988
2016-12-05 01:15:00,16.0,20.355760551915555,15.107552560378894,27.739222776437213
2016-12-05 01:30:00,14.376000000047496,19.965979942639617,15.227996883721376,27.77225889187453
2016-12-05 01:45:00,14.0,19.101234485522482,15.063427008735475,27.37018126057161
2016-12-05 02:00:00,16.623999999952503,19.23464899959015,14.530491351865498,27.049741894591705
2016-12-05 02:15:00,14.06400000001304,20.254299402337093,14.165608599199869,27.661557377985407
2016-12-05 02:30:00,15.93599999998696,17.720090652325606,13.886281975313045,22.8993013998342
2016-12-05 02:45:00,18.68799999996554,19.462866571032936,14.383428570196122,27.835237600188538
2016-12-05 03:00:00,22.252000000094995,22.019529797768467,14.620224753015497,29.632833377394082
2016-12-05 03:15:00,19.311999999918044,20.617179476404484,15.315702597854491,31.36410339398921
2016-12-05 03:30:00,16.93599999998696,19.167450296089722,14.076169772412795,27.606319345534217
2016-12-05 03:45:00,14.688000000081956,18.228124191974135,14.322911912579519,28.754011721975274
2016-12-05 04:00:00,13.875999999931082,17.951875745323154,14.583376723005259,28.99788601827686
2016-12-05 04:15:00,13.56000000005588,16.567578239178975,13.275641320052491,29.254349107247652
2016-12-05 04:30:00,13.56400000001304,17.244518901153622,13.396888733149375,29.456174307550697
2016-12-05 04:45:00,15.18799999996554,17.728368976153916,13.916345036214446,31.049343317753777
2016-12-05 05:00:00,14.18799999996554,17.341060157527213,13.52104078512154,33.10265924270646
2016-12-05 05:15:00,21.871999999973923,19.896034686145878,13.632887306557052,41.00490150585253
2016-12-05 05:30:00,24.68800000008196,19.03512116275113,14.466835795285704,29.65456033814858
2016-12-05 05:45:00,33.5,31.25453839451407,17.472941199599074,41.71036451162252
2016-12-12 00:00:00,25.876000000047497,43.81200000003446,32.3040243863475,56.609605629936155
2016-12-12 00:15:00,19.747999999905005,22.582000000002154,19.30295000003971,30.343400000029945
2016-12-12 00:30:00,16.188000000081956,13.011749999983294,10.942349999966975,17.061649999993097
2016-12-12 00:45:00,27.311999999918044,19.85075000001234,15.574100000035836,21.973650000058115
2016-12-12 01:00:00,21.0,18.040750000007396,13.680500000012401,23.661561584528968
2016-12-12 01:15:00,15.252000000094997,13.498999999967056,11.962599999949454,16.160649999958693
2016-12-12 01:30:00,15.43599999998696,11.97725000001083,9.99670000003971,16.035850000029317
2016-12-12 01:45:00,14.56400000001304,12.517000000014377,10.160450000011771,16.161850000018607
2016-12-12 02:00:00,15.747999999905003,12.863750000025902,10.689899999983028,16.44450000002544
2016-12-12 02:15:00,15.56400000001304,12.646999999924446,10.790749999949185,16.826499999956283
2016-12-12 02:30:00,16.43599999998696,12.814250000054017,11.871700000012058,14.771050000039395
2016-12-12 02:45:00,22.0,14.04649999999674,12.297950000008859,17.229400000034367
2016-12-12 03:00:00,17.56400000001304,14.75925000002462,12.111950000021897,16.848099999973783
2016-12-12 03:15:00,21.93599999998696,14.976249999999709,12.677750000014203,17.216549999990093
2016-12-12 03:30:00,15.5,14.848249999988184,13.448649999954794,17.557249999980556
2016-12-12 03:45:00,14.876000000047496,16.038999999989755,13.035450000026321,18.4695499999958
2016-12-12 04:00:00,14.43599999998696,11.680250000012167,10.073199999977078,15.335149999982967
2016-12-12 04:15:00,13.876000000047496,10.53724999999395,9.507649999980643,14.409149999976218
2016-12-12 04:30:00,32.06400000001304,10.657250000018394,9.575200000058977,14.430400000023655
2016-12-12 04:45:00,18.311999999918044,11.686749999971653,10.377449999985402,16.384899999982736
2016-12-12 05:00:00,15.74800000002142,10.986500000042724,10.081850000048872,16.190835101266295
2016-12-12 05:15:00,15.623999999952504,13.660250000000815,11.111850000018604,18.3359499999875
2016-12-12 05:30:00,20.376000000047497,15.125000000014552,12.474450000034995,18.535900000065162
2016-12-12 05:45:00,33.5,26.10099999999511,20.59444999996194,30.245749999962573
2016-12-19 00:00:00,29.75199999997858,28.65163534499556,23.178796076512818,37.99623136793004
2016-12-19 00:15:00,21.18799999996554,21.86681436071497,17.2615881499678,30.184068446280598
2016-12-19 00:30:00,17.06000000005588,18.214719298451982,15.409171990207078,22.68010769523354
2016-12-19 00:45:00,25.06400000001304,23.45049710487359,18.19878391200696,28.22432894597117
2016-12-19 01:00:00,22.123999999952503,21.966795041648165,18.246166312324156,24.982763214764436
2016-12-19 01:15:00,14.5,17.648490939593373,15.006454907203906,20.483660287868673
2016-12-19 01:30:00,17.56400000001304,17.192307565139927,14.560711772686439,20.31204735099625
2016-12-19 01:45:00,14.5,16.687105476306098,14.13986631416958,21.32033416677862
2016-12-19 02:00:00,14.24800000002142,17.488940999927657,14.497698062300632,23.65481668284984
2016-12-19 02:15:00,15.56400000001304,19.70543129407341,13.915617896537523,25.03160269421269
2016-12-19 02:30:00,20.747999999905005,17.373101426005036,14.8823035809756,19.798385240580355
2016-12-19 02:45:00,21.56400000001304,20.037183142018847,16.791924308686514,25.689473781403123
2016-12-19 03:00:00,19.252000000094995,20.53572457844308,16.33061417291779,25.272223559535455
2016-12-19 03:15:00,19.5,20.45530273318646,17.687452172120615,24.72311377005256
2016-12-19 03:30:00,15.93599999998696,18.30603629148885,15.432791763643998,20.876925397242772
2016-12-19 03:45:00,14.311999999918044,16.935019273366876,14.052742979976244,22.606964830564408
2016-12-19 04:00:00,13.752000000094997,16.753931445358866,14.249196617586916,21.183907756077403
2016-12-19 04:15:00,14.683999999891968,16.810431128134766,13.755372143974228,21.166500159274317
2016-12-19 04:30:00,25.816000000108037,19.962758223464604,13.272527231948242,26.952478900468986
2016-12-19 04:45:00,14.371999999973925,21.636051504067705,14.586468404958636,28.535933555139327
2016-12-19 05:00:00,16.875999999931082,18.136272248381765,15.124019400971946,25.144614423189783
2016-12-19 05:15:00,16.752000000094995,20.479326786837905,16.08480647050093,24.83946846523186
2016-12-19 05:30:00,21.683999999891967,22.894820566579195,17.971664581936793,28.813970488944165
2016-12-19 05:45:00,29.376000000047497,28.992797638736437,24.20514461485577,32.74892757376611
2016-12-26 00:00:00,24.123999999952503,15.165977540642462,9.305399999997464,17.017349862668198
2016-12-26 00:15:00,7.812000000034459,7.1560001011239365,6.040749908635156,12.28338908853977
2016-12-26 00:30:00,7.5640000000130385,6.4060000000172295,5.927476474987435,10.805076558458204
2016-12-26 00:45:00,14.683999999891968,15.352187780790572,10.338999999997032,16.70215020219057
2016-12-26 01:00:00,11.56400000001304,11.693181845737143,8.116350306915416,13.351451130340628
2016-12-26 01:15:00,6.0,6.945499944124668,5.9220763647722485,10.275661623986295
2016-12-26 01:30:00,6.252000000094995,7.846000028599519,6.144800035881782,10.601576906764667
2016-12-26 01:45:00,7.247999999905005,5.918000019097235,5.0613215725807175,13.609743191351718
2016-12-26 02:00:00,7.0,6.540000091539696,5.405550091544501,11.617482024295137
2016-12-26 02:15:00,6.252000000094995,6.04800009727478,5.360400097282854,9.014050000030238
2016-12-26 02:30:00,8.059999999939464,6.228000034345314,5.7381000343229065,10.150308064552426
2016-12-26 02:45:00,9.06400000001304,9.893499820349852,7.087749999995959,11.710650121678192
2016-12-26 03:00:00,8.559999999939464,8.886727891755342,7.661750181120518,11.90796285413441
2016-12-26 03:15:00,9.816000000108032,9.735768169820666,6.99797571768166,11.426849870271917
2016-12-26 03:30:00,6.371999999973923,6.139999933249783,5.2179575144006485,9.87153291440788
2016-12-26 03:45:00,6.311999999918044,7.796000000053027,5.4021751114785905,10.041731000962358
2016-12-26 04:00:00,5.128000000026077,7.395499756910402,5.692004711033004,9.773000000036427
2016-12-26 04:15:00,6.9359999999869615,6.44799997708833,5.6433107070475845,10.392224999980181
2016-12-26 04:30:00,7.188000000081956,9.04000000004089,6.303600000021108,10.883078126733242
2016-12-26 04:45:00,6.623999999952503,8.955198352441204,5.891555648013534,10.404000000023188
2016-12-26 05:00:00,9.0,10.120000000031723,6.543750000017462,11.201346821483204
2016-12-26 05:15:00,7.6239999999525025,10.271604066789727,6.745002975311973,11.55265000000254
2016-12-26 05:30:00,10.816000000108032,8.589080645136134,6.680799999987357,11.674563286327464
2016-12-26 05:45:00,16.311999999918044,18.235446886946068,10.418931451600411,19.978000442545635
